Station naam;Datum en tijd;Property;Regio;Gemeente;value;Unit
NBI_SB918; 2024-06-03T13:00:00.000Z; pm25; ODH; Leidschendam-Voorburg; 6.20; ug/m3
LUC_355523767661822; 2024-06-03T13:00:00.000Z; pm25; ODH; Pijnacker-Nootdorp; 5.87; ug/m3
LUC_354444115474175; 2024-06-03T13:00:00.000Z; pm25; DCMR; Rotterdam; 0.00; ug/m3
LUC_354444115533491; 2024-06-03T13:00:00.000Z; pm25; DCMR; Rotterdam; 7.86; ug/m3
LUC_354724647885778; 2024-06-03T13:00:00.000Z; pm25; DCMR; Rotterdam; 7.53; ug/m3
LTD_50643; 2024-06-03T13:00:00.000Z; pm25; ODH; Pijnacker-Nootdorp; 6.17; ug/m3
LUC_354444115571061; 2024-06-03T13:00:00.000Z; pm25; DCMR; Rotterdam; 7.10; ug/m3
LTD_71272; 2024-06-03T13:00:00.000Z; pm25; ODWH; Leiden; 0.66; ug/m3
LUC_354724647886008; 2024-06-03T13:00:00.000Z; pm25; DCMR; Rotterdam; 8.16; ug/m3
LUC_354724647889515; 2024-06-03T13:00:00.000Z; pm25; DCMR; Rotterdam; 6.14; ug/m3
LTD_25972; 2024-06-03T13:00:00.000Z; pm25; DCMR; Barendrecht; 0.96; ug/m3
LTD_50460; 2024-06-03T13:00:00.000Z; pm25; ODH; Leidschendam-Voorburg; 6.93; ug/m3
LUC_354724647885588; 2024-06-03T13:00:00.000Z; pm25; DCMR; Rotterdam; 8.34; ug/m3
LUC_354724647885018; 2024-06-03T13:00:00.000Z; pm25; DCMR; Rotterdam; 1.91; ug/m3
LTD_60852; 2024-06-03T13:00:00.000Z; pm25; ODWH; Katwijk; 8.46; ug/m3
LUC_355523767480397; 2024-06-03T13:00:00.000Z; pm25; DCMR; Rotterdam; 7.18; ug/m3
LUC_354724647885216; 2024-06-03T13:00:00.000Z; pm25; DCMR; Rotterdam; 0.00; ug/m3
LUC_355523767663596; 2024-06-03T13:00:00.000Z; pm25; ODH; Leidschendam-Voorburg; 6.57; ug/m3
LTD_14914; 2024-06-03T13:00:00.000Z; pm25; ODMH; Bodegraven-Reeuwijk; 2.05; ug/m3
LTD_32291; 2024-06-03T13:00:00.000Z; pm25; ODH; Pijnacker-Nootdorp; 0.18; ug/m3
LTD_78993; 2024-06-03T13:00:00.000Z; pm25; DCMR; Vlaardingen; 8.01; ug/m3
LTD_65257; 2024-06-03T13:00:00.000Z; pm25; ODH; Den Haag; 5.05; ug/m3
LUC_354724647892683; 2024-06-03T13:00:00.000Z; pm25; DCMR; Rotterdam; 6.70; ug/m3
NBI_SB958; 2024-06-03T13:00:00.000Z; pm25; DCMR; Rotterdam; 0.00; ug/m3
OZK_1819; 2024-06-03T13:00:00.000Z; pm25; ODH; Leidschendam-Voorburg; 6.36; ug/m3
LTD_10076; 2024-06-03T13:00:00.000Z; pm25; ODMH; Gouda; 18.11; ug/m3
LTD_57360; 2024-06-03T13:00:00.000Z; pm25; ODH; Leidschendam-Voorburg; 8.37; ug/m3
GLB_3130294; 2024-06-03T13:00:00.000Z; pm25; ODH; Zoetermeer; 1.32; ug/m3
LTD_57294; 2024-06-03T13:00:00.000Z; pm25; ODH; Leidschendam-Voorburg; 6.21; ug/m3
LUC_354724648012109; 2024-06-03T13:00:00.000Z; pm25; DCMR; Rotterdam; 10.84; ug/m3
LUC_354724647892865; 2024-06-03T13:00:00.000Z; pm25; DCMR; Rotterdam; 7.87; ug/m3
LUC_354724647889804; 2024-06-03T13:00:00.000Z; pm25; DCMR; Rotterdam; 7.75; ug/m3
LUC_354724647889002; 2024-06-03T13:00:00.000Z; pm25; DCMR; Rotterdam; 0.00; ug/m3
LUC_354724647887832; 2024-06-03T13:00:00.000Z; pm25; DCMR; Rotterdam; 6.56; ug/m3
LUC_354724647886123; 2024-06-03T13:00:00.000Z; pm25; DCMR; Rotterdam; 5.88; ug/m3
LTD_46874; 2024-06-03T13:00:00.000Z; pm25; ODWH; Lisse; 0.48; ug/m3
LUC_354724647885075; 2024-06-03T13:00:00.000Z; pm25; DCMR; Rotterdam; 0.00; ug/m3
LUC_354724647886511; 2024-06-03T13:00:00.000Z; pm25; DCMR; Rotterdam; 4.82; ug/m3
LTD_34041; 2024-06-03T13:00:00.000Z; pm25; ODZH; Zwijndrecht; 5.82; ug/m3
LUC_355523767480447; 2024-06-03T13:00:00.000Z; pm25; DCMR; Lansingerland; 0.00; ug/m3
LTD_32260; 2024-06-03T13:00:00.000Z; pm25; ODMH; Gouda; 0.19; ug/m3
LUC_354724647889416; 2024-06-03T13:00:00.000Z; pm25; DCMR; Rotterdam; 7.53; ug/m3
NBI_SB941; 2024-06-03T13:00:00.000Z; pm25; ODH; Rijswijk; 0.00; ug/m3
LUC_354724647890240; 2024-06-03T13:00:00.000Z; pm25; DCMR; Rotterdam; 7.83; ug/m3
LUC_354724647886677; 2024-06-03T13:00:00.000Z; pm25; DCMR; Rotterdam; 8.35; ug/m3
LTD_65794; 2024-06-03T13:00:00.000Z; pm25; ODZH; Gorinchem; 3.30; ug/m3
LUC_354444115494538; 2024-06-03T13:00:00.000Z; pm25; DCMR; Rotterdam; 2.30; ug/m3
LTD_53568; 2024-06-03T13:00:00.000Z; pm25; ODWH; Leiden; 8.10; ug/m3
LTD_9205; 2024-06-03T13:00:00.000Z; pm25; ODH; Rijswijk; 2.67; ug/m3
LUC_354444115572275; 2024-06-03T13:00:00.000Z; pm25; DCMR; Schiedam; 8.00; ug/m3
LUC_354724647886149; 2024-06-03T13:00:00.000Z; pm25; DCMR; Rotterdam; 0.00; ug/m3
LTD_68210; 2024-06-03T13:00:00.000Z; pm25; ODMH; Waddinxveen; 3.83; ug/m3
LTD_60757; 2024-06-03T13:00:00.000Z; pm25; ODWH; Leiden; 5.41; ug/m3
LTD_54483; 2024-06-03T13:00:00.000Z; pm25; ODMH; Waddinxveen; 4.76; ug/m3
LUC_354724647883468; 2024-06-03T13:00:00.000Z; pm25; DCMR; Rotterdam; 6.01; ug/m3
LUC_355523767674965; 2024-06-03T13:00:00.000Z; pm25; ODH; Leidschendam-Voorburg; 6.83; ug/m3
LUC_354444115533871; 2024-06-03T13:00:00.000Z; pm25; DCMR; Rotterdam; 7.15; ug/m3
LUC_354724647891461; 2024-06-03T13:00:00.000Z; pm25; DCMR; Rotterdam; 4.55; ug/m3
LUC_354724647888145; 2024-06-03T13:00:00.000Z; pm25; ODMH; Gouda; 6.55; ug/m3
NBI_SB933; 2024-06-03T13:00:00.000Z; pm25; ODH; Leidschendam-Voorburg; 2.20; ug/m3
LUC_354724647884128; 2024-06-03T13:00:00.000Z; pm25; DCMR; Rotterdam; 6.64; ug/m3
LUC_354444115534390; 2024-06-03T13:00:00.000Z; pm25; DCMR; Rotterdam; 7.11; ug/m3
LUC_354444115339253; 2024-06-03T13:00:00.000Z; pm25; DCMR; Rotterdam; 8.71; ug/m3
LUC_354724647885141; 2024-06-03T13:00:00.000Z; pm25; DCMR; Rotterdam; 8.68; ug/m3
LUC_354724647889127; 2024-06-03T13:00:00.000Z; pm25; DCMR; Rotterdam; 6.55; ug/m3
LUC_354724647889267; 2024-06-03T13:00:00.000Z; pm25; DCMR; Rotterdam; 5.08; ug/m3
LTD_67356; 2024-06-03T13:00:00.000Z; pm25; ODH; Delft; 2.28; ug/m3
LUC_355523767480595; 2024-06-03T13:00:00.000Z; pm25; DCMR; Lansingerland; 6.84; ug/m3
LTD_61366; 2024-06-03T13:00:00.000Z; pm25; ODWH; Leiden; 5.14; ug/m3
LUC_354444115531560; 2024-06-03T13:00:00.000Z; pm25; DCMR; Rotterdam; 7.12; ug/m3
LTD_52416; 2024-06-03T13:00:00.000Z; pm25; DCMR; Vlaardingen; 5.60; ug/m3
LUC_354724647886107; 2024-06-03T13:00:00.000Z; pm25; DCMR; Rotterdam; 9.04; ug/m3
LUC_354724647890026; 2024-06-03T13:00:00.000Z; pm25; DCMR; Rotterdam; 7.57; ug/m3
NBI_SB934; 2024-06-03T13:00:00.000Z; pm25; ODH; Leidschendam-Voorburg; 4.00; ug/m3
LTD_18091; 2024-06-03T13:00:00.000Z; pm25; ODH; Westland; 0.00; ug/m3
LUC_354724648051511; 2024-06-03T13:00:00.000Z; pm25; DCMR; Rotterdam; 6.88; ug/m3
LTD_47366; 2024-06-03T13:00:00.000Z; pm25; DCMR; Capelle aan den IJssel; 1.62; ug/m3
LUC_354724647886339; 2024-06-03T13:00:00.000Z; pm25; DCMR; Rotterdam; 6.27; ug/m3
LUC_354724647892691; 2024-06-03T13:00:00.000Z; pm25; DCMR; Rotterdam; 5.14; ug/m3
LTD_60888; 2024-06-03T13:00:00.000Z; pm25; ODH; Zoetermeer; 2.56; ug/m3
LTD_51233; 2024-06-03T13:00:00.000Z; pm25; DCMR; Rotterdam; 3.49; ug/m3
LUC_354724647886438; 2024-06-03T13:00:00.000Z; pm25; DCMR; Rotterdam; 3.90; ug/m3
LTD_30517; 2024-06-03T13:00:00.000Z; pm25; ODH; Midden-Delfland; 112.68; ug/m3
LUC_354444115547095; 2024-06-03T13:00:00.000Z; pm25; DCMR; Rotterdam; 7.21; ug/m3
LUC_354724647889739; 2024-06-03T13:00:00.000Z; pm25; DCMR; Schiedam; 7.85; ug/m3
LUC_354724647890406; 2024-06-03T13:00:00.000Z; pm25; DCMR; Rotterdam; 7.77; ug/m3
LUC_354724647888988; 2024-06-03T13:00:00.000Z; pm25; DCMR; Rotterdam; 6.81; ug/m3
LTD_69039; 2024-06-03T13:00:00.000Z; pm25; ODWH; Kaag en Braassem; 1.82; ug/m3
LUC_354724647886248; 2024-06-03T13:00:00.000Z; pm25; DCMR; Rotterdam; 8.63; ug/m3
LTD_49993; 2024-06-03T13:00:00.000Z; pm25; ODH; Pijnacker-Nootdorp; 6.78; ug/m3
LTD_71749; 2024-06-03T13:00:00.000Z; pm25; DCMR; Rotterdam; 3.87; ug/m3
LTD_14522; 2024-06-03T13:00:00.000Z; pm25; ODH; Den Haag; 2.74; ug/m3
LTD_54987; 2024-06-03T13:00:00.000Z; pm25; ODMH; Gouda; 0.71; ug/m3
LUC_354724647890398; 2024-06-03T13:00:00.000Z; pm25; DCMR; Rotterdam; 7.65; ug/m3
LUC_355523767662069; 2024-06-03T13:00:00.000Z; pm25; DCMR; Lansingerland; 167.57; ug/m3
LUC_354724647891172; 2024-06-03T13:00:00.000Z; pm25; DCMR; Rotterdam; 5.78; ug/m3
LTD_63134; 2024-06-03T13:00:00.000Z; pm25; ODMH; Gouda; 3.63; ug/m3
LUC_354724647885240; 2024-06-03T13:00:00.000Z; pm25; DCMR; Rotterdam; 8.52; ug/m3
LUC_355523767670526; 2024-06-03T13:00:00.000Z; pm25; ODMH; Gouda; 7.44; ug/m3
NBI_SB954; 2024-06-03T13:00:00.000Z; pm25; ODH; Leidschendam-Voorburg; 0.00; ug/m3
LTD_44385; 2024-06-03T13:00:00.000Z; pm25; ODH; Westland; 6.01; ug/m3
LUC_354724647885695; 2024-06-03T13:00:00.000Z; pm25; DCMR; Rotterdam; 6.96; ug/m3
LTD_26253; 2024-06-03T13:00:00.000Z; pm25; ODZH; Dordrecht; 5.07; ug/m3
LUC_354724647889358; 2024-06-03T13:00:00.000Z; pm25; DCMR; Lansingerland; 0.00; ug/m3
LUC_356726104443296; 2024-06-03T13:00:00.000Z; pm25; DCMR; Rotterdam; 8.27; ug/m3
LTD_49812; 2024-06-03T13:00:00.000Z; pm25; ODH; Zoetermeer; 4.68; ug/m3
LUC_355523767494141; 2024-06-03T13:00:00.000Z; pm25; DCMR; Rotterdam; 7.04; ug/m3
LTD_27037; 2024-06-03T13:00:00.000Z; pm25; ODH; Pijnacker-Nootdorp; 5.78; ug/m3
LTD_58875; 2024-06-03T13:00:00.000Z; pm25; DCMR; Lansingerland; 7.66; ug/m3
LTD_26543; 2024-06-03T13:00:00.000Z; pm25; ODMH; Zuidplas; 0.06; ug/m3
LUC_354724647889762; 2024-06-03T13:00:00.000Z; pm25; DCMR; Rotterdam; 7.84; ug/m3
LTD_78687; 2024-06-03T13:00:00.000Z; pm25; ODMH; Krimpenerwaard; 2.98; ug/m3
LUC_354724647889887; 2024-06-03T13:00:00.000Z; pm25; DCMR; Rotterdam; 87.87; ug/m3
LTD_60655; 2024-06-03T13:00:00.000Z; pm25; ODWH; Oegstgeest; 4.15; ug/m3
LTD_53918; 2024-06-03T13:00:00.000Z; pm25; ODMH; Waddinxveen; 3.22; ug/m3
LTD_70777; 2024-06-03T13:00:00.000Z; pm25; ODMH; Waddinxveen; 1.62; ug/m3
NBI_SB946; 2024-06-03T13:00:00.000Z; pm25; ODH; Leidschendam-Voorburg; 0.00; ug/m3
LTD_24384; 2024-06-03T13:00:00.000Z; pm25; ODMH; Zuidplas; 5.13; ug/m3
LUC_354444115552947; 2024-06-03T13:00:00.000Z; pm25; DCMR; Rotterdam; 6.39; ug/m3
LUC_355523767663836; 2024-06-03T13:00:00.000Z; pm25; DCMR; Rotterdam; 7.54; ug/m3
LTD_23865; 2024-06-03T13:00:00.000Z; pm25; ODWH; Zoeterwoude; 6.69; ug/m3
LTD_64392; 2024-06-03T13:00:00.000Z; pm25; ODH; Den Haag; 7.89; ug/m3
LUC_354724647889978; 2024-06-03T13:00:00.000Z; pm25; DCMR; Rotterdam; 7.80; ug/m3
LTD_60843; 2024-06-03T13:00:00.000Z; pm25; ODH; Zoetermeer; 2.54; ug/m3
LTD_50206; 2024-06-03T13:00:00.000Z; pm25; ODH; Zoetermeer; 5.56; ug/m3
LTD_50300; 2024-06-03T13:00:00.000Z; pm25; ODH; Zoetermeer; 3.59; ug/m3
LUC_354724647889721; 2024-06-03T13:00:00.000Z; pm25; DCMR; Rotterdam; 0.00; ug/m3
LUC_354724647885877; 2024-06-03T13:00:00.000Z; pm25; DCMR; Rotterdam; 0.00; ug/m3
LTD_67068; 2024-06-03T13:00:00.000Z; pm25; ODWH; Voorschoten; 2.27; ug/m3
LUC_354724647885489; 2024-06-03T13:00:00.000Z; pm25; DCMR; Rotterdam; 7.79; ug/m3
LTD_74132; 2024-06-03T13:00:00.000Z; pm25; ODZH; Dordrecht; 19.78; ug/m3
LTD_58158; 2024-06-03T13:00:00.000Z; pm25; ODH; Zoetermeer; 6.24; ug/m3
LUC_354444115533236; 2024-06-03T13:00:00.000Z; pm25; DCMR; Schiedam; 4.67; ug/m3
LUC_354444115338792; 2024-06-03T13:00:00.000Z; pm25; DCMR; Rotterdam; 6.87; ug/m3
LUC_355523767480488; 2024-06-03T13:00:00.000Z; pm25; DCMR; Lansingerland; 7.79; ug/m3
LUC_354444115571343; 2024-06-03T13:00:00.000Z; pm25; DCMR; Rotterdam; 0.00; ug/m3
LTD_12936; 2024-06-03T13:00:00.000Z; pm25; ODH; Delft; 4.69; ug/m3
LTD_72721; 2024-06-03T13:00:00.000Z; pm25; ODMH; Bodegraven-Reeuwijk; 5.89; ug/m3
LTD_58887; 2024-06-03T13:00:00.000Z; pm25; DCMR; Lansingerland; 4.90; ug/m3
NBI_SB920; 2024-06-03T13:00:00.000Z; pm25; ODMH; Bodegraven-Reeuwijk; 7.20; ug/m3
LTD_59073; 2024-06-03T13:00:00.000Z; pm25; ODH; Pijnacker-Nootdorp; 3.71; ug/m3
LTD_57336; 2024-06-03T13:00:00.000Z; pm25; ODZH; Gorinchem; 4.92; ug/m3
LTD_60088; 2024-06-03T13:00:00.000Z; pm25; ODH; Zoetermeer; 7.17; ug/m3
LTD_10074; 2024-06-03T13:00:00.000Z; pm25; ODMH; Gouda; 1.61; ug/m3
LTD_63445; 2024-06-03T13:00:00.000Z; pm25; ODH; Zoetermeer; 7.49; ug/m3
LUC_354724647886644; 2024-06-03T13:00:00.000Z; pm25; DCMR; Rotterdam; 6.16; ug/m3
LTD_55585; 2024-06-03T13:00:00.000Z; pm25; ODH; Leidschendam-Voorburg; 6.38; ug/m3
LTD_69848; 2024-06-03T13:00:00.000Z; pm25; ODWH; Voorschoten; 3.95; ug/m3
LTD_57361; 2024-06-03T13:00:00.000Z; pm25; ODH; Leidschendam-Voorburg; 7.35; ug/m3
LUC_354444115338859; 2024-06-03T13:00:00.000Z; pm25; DCMR; Rotterdam; 7.78; ug/m3
LTD_47701; 2024-06-03T13:00:00.000Z; pm25; ODH; Leidschendam-Voorburg; 1.36; ug/m3
GLB_4182150; 2024-06-03T13:00:00.000Z; pm25; ODMH; Gouda; 2.94; ug/m3
LTD_76773; 2024-06-03T13:00:00.000Z; pm25; ODWH; Nieuwkoop; 4.81; ug/m3
LTD_19927; 2024-06-03T13:00:00.000Z; pm25; DCMR; Geen Gemeente; 7.70; ug/m3
LUC_354444115474183; 2024-06-03T13:00:00.000Z; pm25; DCMR; Rotterdam; 6.78; ug/m3
LUC_359215101842335; 2024-06-03T13:00:00.000Z; pm25; DCMR; Rotterdam; 7.42; ug/m3
LTD_41340; 2024-06-03T13:00:00.000Z; pm25; DCMR; Schiedam; 5.56; ug/m3
LTD_32961; 2024-06-03T13:00:00.000Z; pm25; ODMH; Krimpenerwaard; 3.69; ug/m3
NBI_SB968; 2024-06-03T13:00:00.000Z; pm25; DCMR; Lansingerland; 4.80; ug/m3
LTD_13606; 2024-06-03T13:00:00.000Z; pm25; ODH; Delft; 9.36; ug/m3
LTD_53675; 2024-06-03T13:00:00.000Z; pm25; ODH; Zoetermeer; 4.27; ug/m3
LUC_354724647885794; 2024-06-03T13:00:00.000Z; pm25; DCMR; Rotterdam; 5.44; ug/m3
LUC_355523767670583; 2024-06-03T13:00:00.000Z; pm25; DCMR; Lansingerland; 6.65; ug/m3
NBI_SB916; 2024-06-03T13:00:00.000Z; pm25; ODH; Leidschendam-Voorburg; 0.00; ug/m3
NBI_SB948; 2024-06-03T13:00:00.000Z; pm25; ODH; Leidschendam-Voorburg; 6.20; ug/m3
LUC_354724647886321; 2024-06-03T13:00:00.000Z; pm25; DCMR; Rotterdam; 4.96; ug/m3
LUC_354724647885885; 2024-06-03T13:00:00.000Z; pm25; DCMR; Rotterdam; 3.48; ug/m3
LTD_71281; 2024-06-03T13:00:00.000Z; pm25; ODWH; Leiden; 3.88; ug/m3
LTD_55903; 2024-06-03T13:00:00.000Z; pm25; ODWH; Katwijk; 8.15; ug/m3
LUC_354444115339113; 2024-06-03T13:00:00.000Z; pm25; DCMR; Rotterdam; 7.60; ug/m3
LTD_17288; 2024-06-03T13:00:00.000Z; pm25; ODZH; Gorinchem; 2.98; ug/m3
LUC_354724647887626; 2024-06-03T13:00:00.000Z; pm25; DCMR; Rotterdam; 8.78; ug/m3
LUC_354444115338719; 2024-06-03T13:00:00.000Z; pm25; DCMR; Rotterdam; 5.11; ug/m3
LUC_355523767663588; 2024-06-03T13:00:00.000Z; pm25; ODH; Den Haag; 6.48; ug/m3
LTD_43027; 2024-06-03T13:00:00.000Z; pm25; ODH; Zoetermeer; 5.44; ug/m3
LTD_50289; 2024-06-03T13:00:00.000Z; pm25; ODH; Leidschendam-Voorburg; 4.44; ug/m3
LUC_354724647887261; 2024-06-03T13:00:00.000Z; pm25; DCMR; Rotterdam; 5.27; ug/m3
LUC_354724647888384; 2024-06-03T13:00:00.000Z; pm25; ODH; Leidschendam-Voorburg; 7.04; ug/m3
LTD_50395; 2024-06-03T13:00:00.000Z; pm25; ODH; Pijnacker-Nootdorp; 4.10; ug/m3
LUC_354724647884805; 2024-06-03T13:00:00.000Z; pm25; DCMR; Rotterdam; 7.43; ug/m3
LUC_354724647885612; 2024-06-03T13:00:00.000Z; pm25; DCMR; Rotterdam; 8.65; ug/m3
LTD_37774; 2024-06-03T13:00:00.000Z; pm25; ODWH; Kaag en Braassem; 3.37; ug/m3
NBI_SB942; 2024-06-03T13:00:00.000Z; pm25; ODH; Leidschendam-Voorburg; 5.20; ug/m3
LTD_6720; 2024-06-03T13:00:00.000Z; pm25; DCMR; Rotterdam; 7.49; ug/m3
LUC_354724648014402; 2024-06-03T13:00:00.000Z; pm25; DCMR; Rotterdam; 7.34; ug/m3
LUC_354724647886263; 2024-06-03T13:00:00.000Z; pm25; DCMR; Rotterdam; 5.89; ug/m3
LUC_354724647890158; 2024-06-03T13:00:00.000Z; pm25; DCMR; Rotterdam; 1.81; ug/m3
LUC_354444115481667; 2024-06-03T13:00:00.000Z; pm25; DCMR; Rotterdam; 6.33; ug/m3
LTD_5776; 2024-06-03T13:00:00.000Z; pm25; ODZH; Hoeksche Waard; 4.93; ug/m3
LTD_13160; 2024-06-03T13:00:00.000Z; pm25; ODZH; Papendrecht; 5.88; ug/m3
LUC_354724647891198; 2024-06-03T13:00:00.000Z; pm25; DCMR; Rotterdam; 0.00; ug/m3
LUC_354444115584346; 2024-06-03T13:00:00.000Z; pm25; DCMR; Rotterdam; 0.00; ug/m3
LTD_48742; 2024-06-03T13:00:00.000Z; pm25; DCMR; Lansingerland; 4.23; ug/m3
LTD_53953; 2024-06-03T13:00:00.000Z; pm25; ODH; Leidschendam-Voorburg; 6.48; ug/m3
LUC_354724647885679; 2024-06-03T13:00:00.000Z; pm25; DCMR; Rotterdam; 8.24; ug/m3
LUC_354724648049010; 2024-06-03T13:00:00.000Z; pm25; DCMR; Rotterdam; 7.61; ug/m3
LUC_354724647891230; 2024-06-03T13:00:00.000Z; pm25; DCMR; Rotterdam; 6.52; ug/m3
GLB_9453084; 2024-06-03T13:00:00.000Z; pm25; ODWH; Leiden; 5.60; ug/m3
LUC_359215101867449; 2024-06-03T13:00:00.000Z; pm25; DCMR; Rotterdam; 6.66; ug/m3
LUC_354724647889242; 2024-06-03T13:00:00.000Z; pm25; DCMR; Rotterdam; 6.41; ug/m3
LUC_354444115531446; 2024-06-03T13:00:00.000Z; pm25; DCMR; Rotterdam; 40.39; ug/m3
LUC_354724647888152; 2024-06-03T13:00:00.000Z; pm25; DCMR; Rotterdam; 10.82; ug/m3
LUC_354724647884771; 2024-06-03T13:00:00.000Z; pm25; DCMR; Rotterdam; 0.00; ug/m3
LTD_21867; 2024-06-03T13:00:00.000Z; pm25; ODH; Midden-Delfland; 5.32; ug/m3
NBI_SB931; 2024-06-03T13:00:00.000Z; pm25; ODH; Leidschendam-Voorburg; 5.20; ug/m3
MJS_2017; 2024-06-03T13:00:00.000Z; pm25; ODZH; Dordrecht; 5.00; ug/m3
LTD_32278; 2024-06-03T13:00:00.000Z; pm25; ODZH; Dordrecht; 6.31; ug/m3
LUC_354724647889150; 2024-06-03T13:00:00.000Z; pm25; DCMR; Rotterdam; 7.49; ug/m3
LTD_49669; 2024-06-03T13:00:00.000Z; pm25; DCMR; Vlaardingen; 4.26; ug/m3
LUC_354724647886289; 2024-06-03T13:00:00.000Z; pm25; DCMR; Rotterdam; 0.00; ug/m3
LTD_24370; 2024-06-03T13:00:00.000Z; pm25; ODMH; Zuidplas; 3.97; ug/m3
LTD_50292; 2024-06-03T13:00:00.000Z; pm25; ODH; Leidschendam-Voorburg; 4.05; ug/m3
LTD_67656; 2024-06-03T13:00:00.000Z; pm25; ODMH; Bodegraven-Reeuwijk; 3.18; ug/m3
LTD_72973; 2024-06-03T13:00:00.000Z; pm25; ODZH; Dordrecht; 7.98; ug/m3
NBI_SB925; 2024-06-03T13:00:00.000Z; pm25; ODMH; Bodegraven-Reeuwijk; 0.00; ug/m3
LUC_354444115551667; 2024-06-03T13:00:00.000Z; pm25; DCMR; Barendrecht; 0.00; ug/m3
LTD_18325; 2024-06-03T13:00:00.000Z; pm25; ODMH; Gouda; 3.59; ug/m3
LTD_72031; 2024-06-03T13:00:00.000Z; pm25; ODZH; Dordrecht; 9.37; ug/m3
LUC_355523767663562; 2024-06-03T13:00:00.000Z; pm25; DCMR; Lansingerland; 0.00; ug/m3
LUC_354724647888368; 2024-06-03T13:00:00.000Z; pm25; DCMR; Rotterdam; 0.00; ug/m3
OHN_ro-1001; 2024-06-03T13:00:00.000Z; pm25; DCMR; Schiedam; 8.22; ug/m3
LUC_354724647888244; 2024-06-03T13:00:00.000Z; pm25; DCMR; Rotterdam; 7.89; ug/m3
LUC_354724647887915; 2024-06-03T13:00:00.000Z; pm25; ODH; Den Haag; 6.59; ug/m3
LTD_78688; 2024-06-03T13:00:00.000Z; pm25; ODMH; Krimpenerwaard; 3.45; ug/m3
LTD_36344; 2024-06-03T13:00:00.000Z; pm25; DCMR; Rotterdam; 3.32; ug/m3
LTD_50504; 2024-06-03T13:00:00.000Z; pm25; ODH; Zoetermeer; 4.51; ug/m3
LUC_354444115573539; 2024-06-03T13:00:00.000Z; pm25; DCMR; Rotterdam; 0.00; ug/m3
LTD_9346; 2024-06-03T13:00:00.000Z; pm25; ODMH; Gouda; 3.11; ug/m3
LTD_17676; 2024-06-03T13:00:00.000Z; pm25; ODWH; Noordwijk; 1.98; ug/m3
LUC_354724647889960; 2024-06-03T13:00:00.000Z; pm25; DCMR; Rotterdam; 0.00; ug/m3
LUC_354724647892634; 2024-06-03T13:00:00.000Z; pm25; DCMR; Rotterdam; 6.28; ug/m3
LUC_354444115481592; 2024-06-03T13:00:00.000Z; pm25; DCMR; Rotterdam; 8.07; ug/m3
LTD_50291; 2024-06-03T13:00:00.000Z; pm25; ODH; Leidschendam-Voorburg; 4.23; ug/m3
LUC_354444115552954; 2024-06-03T13:00:00.000Z; pm25; DCMR; Rotterdam; 5.06; ug/m3
LTD_62742; 2024-06-03T13:00:00.000Z; pm25; ODWH; Leiden; 5.42; ug/m3
LUC_355523767663521; 2024-06-03T13:00:00.000Z; pm25; DCMR; Lansingerland; 5.72; ug/m3
NBI_SB927; 2024-06-03T13:00:00.000Z; pm25; ODH; Leidschendam-Voorburg; 3.20; ug/m3
LTD_22237; 2024-06-03T13:00:00.000Z; pm25; ODMH; Zuidplas; 0.49; ug/m3
LUC_354724647892808; 2024-06-03T13:00:00.000Z; pm25; DCMR; Rotterdam; 6.49; ug/m3
LUC_354724647885463; 2024-06-03T13:00:00.000Z; pm25; DCMR; Rotterdam; 13.62; ug/m3
NBI_SB959; 2024-06-03T13:00:00.000Z; pm25; ODH; Leidschendam-Voorburg; 5.20; ug/m3
LUC_355523767663315; 2024-06-03T13:00:00.000Z; pm25; DCMR; Lansingerland; 8.56; ug/m3
LTD_76648; 2024-06-03T13:00:00.000Z; pm25; ODMH; Zuidplas; 7.52; ug/m3
LUC_355523767670435; 2024-06-03T13:00:00.000Z; pm25; DCMR; Lansingerland; 6.45; ug/m3
LUC_354724647886578; 2024-06-03T13:00:00.000Z; pm25; DCMR; Rotterdam; 6.52; ug/m3
LUC_354724647883732; 2024-06-03T13:00:00.000Z; pm25; DCMR; Rotterdam; 6.08; ug/m3
LTD_49992; 2024-06-03T13:00:00.000Z; pm25; ODH; Pijnacker-Nootdorp; 5.46; ug/m3
LUC_354724647885224; 2024-06-03T13:00:00.000Z; pm25; DCMR; Rotterdam; 7.79; ug/m3
LTD_76911; 2024-06-03T13:00:00.000Z; pm25; ODZH; Dordrecht; 8.12; ug/m3
LUC_354724647888616; 2024-06-03T13:00:00.000Z; pm25; DCMR; Lansingerland; 7.78; ug/m3
LUC_354724647883302; 2024-06-03T13:00:00.000Z; pm25; DCMR; Rotterdam; 5.75; ug/m3
NBI_SB945; 2024-06-03T13:00:00.000Z; pm25; ODH; Leidschendam-Voorburg; 0.00; ug/m3
LUC_354444115547046; 2024-06-03T13:00:00.000Z; pm25; DCMR; Rotterdam; 6.75; ug/m3
LUC_355523767480413; 2024-06-03T13:00:00.000Z; pm25; DCMR; Rotterdam; 7.32; ug/m3
LUC_354724647889424; 2024-06-03T13:00:00.000Z; pm25; DCMR; Rotterdam; 5.53; ug/m3
LTD_38003; 2024-06-03T13:00:00.000Z; pm25; ODH; Delft; 4.90; ug/m3
LUC_354724647889382; 2024-06-03T13:00:00.000Z; pm25; DCMR; Rotterdam; 7.24; ug/m3
LUC_354724647889853; 2024-06-03T13:00:00.000Z; pm25; DCMR; Rotterdam; 4.80; ug/m3
LTD_61004; 2024-06-03T13:00:00.000Z; pm25; ODMH; Bodegraven-Reeuwijk; 3.96; ug/m3
LUC_354724647883435; 2024-06-03T13:00:00.000Z; pm25; DCMR; Rotterdam; 6.29; ug/m3
LUC_354724647889697; 2024-06-03T13:00:00.000Z; pm25; DCMR; Rotterdam; 8.63; ug/m3
LUC_354724647889549; 2024-06-03T13:00:00.000Z; pm25; DCMR; Nissewaard; 1.80; ug/m3
NBI_SB964; 2024-06-03T13:00:00.000Z; pm25; DCMR; Lansingerland; 0.00; ug/m3
LTD_40910; 2024-06-03T13:00:00.000Z; pm25; DCMR; Vlaardingen; 2.63; ug/m3
LUC_355523767671003; 2024-06-03T13:00:00.000Z; pm25; DCMR; Lansingerland; 6.70; ug/m3
LTD_49775; 2024-06-03T13:00:00.000Z; pm25; ODH; Zoetermeer; 3.80; ug/m3
LUC_355523767494125; 2024-06-03T13:00:00.000Z; pm25; DCMR; Lansingerland; 0.00; ug/m3
LUC_354444115532972; 2024-06-03T13:00:00.000Z; pm25; DCMR; Rotterdam; 7.54; ug/m3
NBI_SB903; 2024-06-03T13:00:00.000Z; pm25; ODMH; Waddinxveen; 5.40; ug/m3
AMF_pm007; 2024-06-03T13:00:00.000Z; pm25; DCMR; Rotterdam; 0.39; ug/m3
LTD_58877; 2024-06-03T13:00:00.000Z; pm25; DCMR; Lansingerland; 4.64; ug/m3
LUC_355523767662002; 2024-06-03T13:00:00.000Z; pm25; DCMR; Lansingerland; 6.25; ug/m3
LUC_354444115338883; 2024-06-03T13:00:00.000Z; pm25; DCMR; Rotterdam; 4.32; ug/m3
LUC_354724647892881; 2024-06-03T13:00:00.000Z; pm25; DCMR; Rotterdam; 7.74; ug/m3
LUC_354724647884789; 2024-06-03T13:00:00.000Z; pm25; DCMR; Rotterdam; 4.23; ug/m3
LTD_72972; 2024-06-03T13:00:00.000Z; pm25; ODZH; Dordrecht; 9.54; ug/m3
LUC_354444115534036; 2024-06-03T13:00:00.000Z; pm25; DCMR; Rotterdam; 8.18; ug/m3
LUC_354724647885943; 2024-06-03T13:00:00.000Z; pm25; DCMR; Rotterdam; 7.34; ug/m3
LTD_9058; 2024-06-03T13:00:00.000Z; pm25; ODH; Westland; 4.35; ug/m3
LUC_354724647890224; 2024-06-03T13:00:00.000Z; pm25; DCMR; Rotterdam; 6.36; ug/m3
LUC_355523767663737; 2024-06-03T13:00:00.000Z; pm25; DCMR; Lansingerland; 0.00; ug/m3
LUC_354724647885109; 2024-06-03T13:00:00.000Z; pm25; DCMR; Rotterdam; 7.65; ug/m3
LUC_354444115535207; 2024-06-03T13:00:00.000Z; pm25; DCMR; Rotterdam; 7.29; ug/m3
LTD_63553; 2024-06-03T13:00:00.000Z; pm25; ODZH; Zwijndrecht; 3.98; ug/m3
LUC_354724647884458; 2024-06-03T13:00:00.000Z; pm25; DCMR; Rotterdam; 8.04; ug/m3
LTD_78679; 2024-06-03T13:00:00.000Z; pm25; ODMH; Gouda; 5.14; ug/m3
LTD_77015; 2024-06-03T13:00:00.000Z; pm25; DCMR; Goeree-Overflakkee; 11.46; ug/m3
NBI_SB932; 2024-06-03T13:00:00.000Z; pm25; ODH; Leidschendam-Voorburg; 5.40; ug/m3
LUC_354724648049994; 2024-06-03T13:00:00.000Z; pm25; DCMR; Rotterdam; 8.05; ug/m3
LUC_354724647890307; 2024-06-03T13:00:00.000Z; pm25; DCMR; Rotterdam; 4.71; ug/m3
LTD_75183; 2024-06-03T13:00:00.000Z; pm25; ODWH; Voorschoten; 4.54; ug/m3
NBI_SB921; 2024-06-03T13:00:00.000Z; pm25; ODMH; Bodegraven-Reeuwijk; 0.00; ug/m3
LTD_28997; 2024-06-03T13:00:00.000Z; pm25; ODZH; Dordrecht; 5.60; ug/m3
LTD_60471; 2024-06-03T13:00:00.000Z; pm25; ODWH; Leiden; 3.68; ug/m3
LTD_72529; 2024-06-03T13:00:00.000Z; pm25; ODZH; Dordrecht; 9.18; ug/m3
LUC_354724647885596; 2024-06-03T13:00:00.000Z; pm25; DCMR; Rotterdam; 0.00; ug/m3
LUC_355523767670922; 2024-06-03T13:00:00.000Z; pm25; DCMR; Lansingerland; 2.89; ug/m3
LUC_354724647889630; 2024-06-03T13:00:00.000Z; pm25; DCMR; Rotterdam; 7.53; ug/m3
LTD_8704; 2024-06-03T13:00:00.000Z; pm25; ODH; Delft; 5.99; ug/m3
LUC_354724647888046; 2024-06-03T13:00:00.000Z; pm25; DCMR; Rotterdam; 0.00; ug/m3
LUC_354724647888491; 2024-06-03T13:00:00.000Z; pm25; DCMR; Rotterdam; 8.41; ug/m3
LTD_34426; 2024-06-03T13:00:00.000Z; pm25; ODWH; Oegstgeest; 5.26; ug/m3
LUC_354724647889432; 2024-06-03T13:00:00.000Z; pm25; DCMR; Rotterdam; 7.68; ug/m3
LTD_58876; 2024-06-03T13:00:00.000Z; pm25; DCMR; Lansingerland; 6.59; ug/m3
NBI_SB928; 2024-06-03T13:00:00.000Z; pm25; ODH; Leidschendam-Voorburg; 2.20; ug/m3
LTD_61048; 2024-06-03T13:00:00.000Z; pm25; ODWH; Leiderdorp; 2.16; ug/m3
LTD_29773; 2024-06-03T13:00:00.000Z; pm25; ODMH; Alphen aan den Rijn; 3.62; ug/m3
LUC_354724647890034; 2024-06-03T13:00:00.000Z; pm25; DCMR; Rotterdam; 8.21; ug/m3
LTD_22678; 2024-06-03T13:00:00.000Z; pm25; ODH; Den Haag; 2.89; ug/m3
LUC_354444115581706; 2024-06-03T13:00:00.000Z; pm25; DCMR; Rotterdam; 8.90; ug/m3
LUC_354724647890109; 2024-06-03T13:00:00.000Z; pm25; DCMR; Rotterdam; 7.56; ug/m3
LTD_63468; 2024-06-03T13:00:00.000Z; pm25; ODMH; Bodegraven-Reeuwijk; 7.53; ug/m3
LTD_58869; 2024-06-03T13:00:00.000Z; pm25; DCMR; Lansingerland; 8.75; ug/m3
LUC_354444115547079; 2024-06-03T13:00:00.000Z; pm25; DCMR; Rotterdam; 8.00; ug/m3
LTD_65391; 2024-06-03T13:00:00.000Z; pm25; ODH; Zoetermeer; 3.75; ug/m3
LTD_52056; 2024-06-03T13:00:00.000Z; pm25; ODH; Pijnacker-Nootdorp; 4.79; ug/m3
LTD_43337; 2024-06-03T13:00:00.000Z; pm25; ODH; Zoetermeer; 3.81; ug/m3
NBI_SB926; 2024-06-03T13:00:00.000Z; pm25; ODH; Leidschendam-Voorburg; 4.20; ug/m3
LUC_359215101812023; 2024-06-03T13:00:00.000Z; pm25; DCMR; Rotterdam; 7.24; ug/m3
LUC_354444115533731; 2024-06-03T13:00:00.000Z; pm25; DCMR; Rotterdam; 7.89; ug/m3
LUC_355523767494133; 2024-06-03T13:00:00.000Z; pm25; DCMR; Rotterdam; 6.15; ug/m3
LTD_41275; 2024-06-03T13:00:00.000Z; pm25; DCMR; Schiedam; 5.47; ug/m3
LUC_355523767480538; 2024-06-03T13:00:00.000Z; pm25; ODH; Leidschendam-Voorburg; 6.90; ug/m3
LUC_355523767661954; 2024-06-03T13:00:00.000Z; pm25; ODMH; Gouda; 4.93; ug/m3
LUC_354724647886198; 2024-06-03T13:00:00.000Z; pm25; DCMR; Rotterdam; 10.78; ug/m3
LUC_354724647884995; 2024-06-03T13:00:00.000Z; pm25; DCMR; Rotterdam; 8.00; ug/m3
LTD_8798; 2024-06-03T13:00:00.000Z; pm25; DCMR; Vlaardingen; 3.73; ug/m3
NBI_SB947; 2024-06-03T13:00:00.000Z; pm25; ODH; Leidschendam-Voorburg; 4.00; ug/m3
LUC_354724647891370; 2024-06-03T13:00:00.000Z; pm25; DCMR; Rotterdam; 7.93; ug/m3
NBI_SB952; 2024-06-03T13:00:00.000Z; pm25; DCMR; Rotterdam; 0.00; ug/m3
LUC_355523767663729; 2024-06-03T13:00:00.000Z; pm25; ODH; Leidschendam-Voorburg; 6.70; ug/m3
LTD_8266; 2024-06-03T13:00:00.000Z; pm25; ODWH; Nieuwkoop; 0.00; ug/m3
LTD_26160; 2024-06-03T13:00:00.000Z; pm25; DCMR; Albrandswaard; 5.66; ug/m3
LUC_354724647883948; 2024-06-03T13:00:00.000Z; pm25; DCMR; Rotterdam; 7.76; ug/m3
LTD_31127; 2024-06-03T13:00:00.000Z; pm25; ODH; Leidschendam-Voorburg; 5.95; ug/m3
LTD_64579; 2024-06-03T13:00:00.000Z; pm25; ODH; Zoetermeer; 4.33; ug/m3
LTD_57181; 2024-06-03T13:00:00.000Z; pm25; ODH; Zoetermeer; 4.62; ug/m3
LTD_71595; 2024-06-03T13:00:00.000Z; pm25; ODWH; Leiden; 4.06; ug/m3
LTD_8864; 2024-06-03T13:00:00.000Z; pm25; ODMH; Zuidplas; 4.22; ug/m3
GLB_4226569; 2024-06-03T13:00:00.000Z; pm25; ODMH; Gouda; 6.35; ug/m3
LTD_44006; 2024-06-03T13:00:00.000Z; pm25; ODMH; Gouda; 5.39; ug/m3
LUC_354724647889051; 2024-06-03T13:00:00.000Z; pm25; DCMR; Rotterdam; 0.00; ug/m3
LUC_354444115339220; 2024-06-03T13:00:00.000Z; pm25; DCMR; Rotterdam; 6.81; ug/m3
LTD_77628; 2024-06-03T13:00:00.000Z; pm25; ODZH; Hoeksche Waard; 4.55; ug/m3
LUC_354724647891263; 2024-06-03T13:00:00.000Z; pm25; DCMR; Rotterdam; 7.94; ug/m3
LUC_359215101860188; 2024-06-03T13:00:00.000Z; pm25; DCMR; Rotterdam; 7.67; ug/m3
LUC_354724647891214; 2024-06-03T13:00:00.000Z; pm25; DCMR; Rotterdam; 7.67; ug/m3
LUC_354724647886883; 2024-06-03T13:00:00.000Z; pm25; DCMR; Rotterdam; 7.61; ug/m3
LUC_354444115534010; 2024-06-03T13:00:00.000Z; pm25; DCMR; Lansingerland; 6.31; ug/m3
LTD_61484; 2024-06-03T13:00:00.000Z; pm25; ODH; Zoetermeer; 5.90; ug/m3
LUC_354724648012836; 2024-06-03T13:00:00.000Z; pm25; DCMR; Rotterdam; 8.68; ug/m3
LTD_18539; 2024-06-03T13:00:00.000Z; pm25; ODZH; Dordrecht; 6.94; ug/m3
LTD_40024; 2024-06-03T13:00:00.000Z; pm25; ODH; Wassenaar; 3.38; ug/m3
NBI_SB956; 2024-06-03T13:00:00.000Z; pm25; DCMR; Rotterdam; 3.80; ug/m3
LTD_26219; 2024-06-03T13:00:00.000Z; pm25; ODMH; Alphen aan den Rijn; 10.58; ug/m3
LTD_61053; 2024-06-03T13:00:00.000Z; pm25; ODWH; Leiden; 20.81; ug/m3
LUC_354724647892584; 2024-06-03T13:00:00.000Z; pm25; DCMR; Rotterdam; 7.51; ug/m3
LTD_55482; 2024-06-03T13:00:00.000Z; pm25; ODWH; Katwijk; 7.51; ug/m3
LTD_71592; 2024-06-03T13:00:00.000Z; pm25; ODWH; Leiden; 4.41; ug/m3
LTD_67776; 2024-06-03T13:00:00.000Z; pm25; ODMH; Gouda; 5.15; ug/m3
LTD_57399; 2024-06-03T13:00:00.000Z; pm25; ODH; Zoetermeer; 7.71; ug/m3
LTD_75367; 2024-06-03T13:00:00.000Z; pm25; ODH; Delft; 2.86; ug/m3
LTD_34526; 2024-06-03T13:00:00.000Z; pm25; ODWH; Leiderdorp; 4.78; ug/m3
LUC_355523767494026; 2024-06-03T13:00:00.000Z; pm25; ODH; Leidschendam-Voorburg; 6.60; ug/m3
LUC_356726100944131; 2024-06-03T13:00:00.000Z; pm25; DCMR; Lansingerland; 6.26; ug/m3
LTD_6186; 2024-06-03T13:00:00.000Z; pm25; ODMH; Gouda; 3.38; ug/m3
LUC_354724647885505; 2024-06-03T13:00:00.000Z; pm25; DCMR; Rotterdam; 8.80; ug/m3
LUC_354724647886602; 2024-06-03T13:00:00.000Z; pm25; DCMR; Rotterdam; 6.58; ug/m3
NBI_SB969; 2024-06-03T13:00:00.000Z; pm25; DCMR; Lansingerland; 4.20; ug/m3
LUC_355523767480629; 2024-06-03T13:00:00.000Z; pm25; ODH; Zoetermeer; 6.29; ug/m3
LTD_14077; 2024-06-03T13:00:00.000Z; pm25; ODMH; Alphen aan den Rijn; 0.29; ug/m3
LUC_359215101821552; 2024-06-03T13:00:00.000Z; pm25; DCMR; Rotterdam; 8.45; ug/m3
NBI_SB930; 2024-06-03T13:00:00.000Z; pm25; ODH; Leidschendam-Voorburg; 3.00; ug/m3
LTD_45115; 2024-06-03T13:00:00.000Z; pm25; ODMH; Gouda; 5.32; ug/m3
LTD_64440; 2024-06-03T13:00:00.000Z; pm25; ODH; Den Haag; 8.33; ug/m3
NBI_SB955; 2024-06-03T13:00:00.000Z; pm25; DCMR; Rotterdam; 5.60; ug/m3
LUC_354724647889580; 2024-06-03T13:00:00.000Z; pm25; DCMR; Rotterdam; 6.80; ug/m3
LUC_354724647889648; 2024-06-03T13:00:00.000Z; pm25; DCMR; Rotterdam; 4.51; ug/m3
LTD_49994; 2024-06-03T13:00:00.000Z; pm25; DCMR; Goeree-Overflakkee; 3.15; ug/m3
LTD_24606; 2024-06-03T13:00:00.000Z; pm25; ODH; Westland; 3.98; ug/m3
LTD_13092; 2024-06-03T13:00:00.000Z; pm25; DCMR; Lansingerland; 5.73; ug/m3
LTD_77032; 2024-06-03T13:00:00.000Z; pm25; ODZH; Dordrecht; 8.74; ug/m3
LTD_25099; 2024-06-03T13:00:00.000Z; pm25; ODMH; Krimpenerwaard; 5.94; ug/m3
OZK_1806; 2024-06-03T13:00:00.000Z; pm25; ODH; Den Haag; 6.97; ug/m3
LUC_354444115534028; 2024-06-03T13:00:00.000Z; pm25; DCMR; Rotterdam; 8.08; ug/m3
LTD_57064; 2024-06-03T13:00:00.000Z; pm25; ODMH; Bodegraven-Reeuwijk; 3.70; ug/m3
LUC_354724647885232; 2024-06-03T13:00:00.000Z; pm25; DCMR; Rotterdam; 4.54; ug/m3
LTD_38001; 2024-06-03T13:00:00.000Z; pm25; ODMH; Zuidplas; 3.18; ug/m3
LTD_73001; 2024-06-03T13:00:00.000Z; pm25; ODZH; Dordrecht; 6.65; ug/m3
NBI_SB965; 2024-06-03T13:00:00.000Z; pm25; DCMR; Lansingerland; 2.00; ug/m3
LTD_24179; 2024-06-03T13:00:00.000Z; pm25; ODH; Leidschendam-Voorburg; 2.40; ug/m3
LTD_56706; 2024-06-03T13:00:00.000Z; pm25; ODMH; Waddinxveen; 3.81; ug/m3
LTD_27185; 2024-06-03T13:00:00.000Z; pm25; ODH; Zoetermeer; 3.86; ug/m3
LUC_354724647891255; 2024-06-03T13:00:00.000Z; pm25; DCMR; Rotterdam; 7.56; ug/m3
LUC_354724647884730; 2024-06-03T13:00:00.000Z; pm25; DCMR; Rotterdam; 6.02; ug/m3
LUC_354724647891222; 2024-06-03T13:00:00.000Z; pm25; DCMR; Rotterdam; 7.70; ug/m3
LUC_354444115481576; 2024-06-03T13:00:00.000Z; pm25; DCMR; Rotterdam; 0.00; ug/m3
LUC_354444115533046; 2024-06-03T13:00:00.000Z; pm25; DCMR; Rotterdam; 5.74; ug/m3
LUC_359215101822030; 2024-06-03T13:00:00.000Z; pm25; DCMR; Rotterdam; 7.76; ug/m3
LTD_57135; 2024-06-03T13:00:00.000Z; pm25; DCMR; Lansingerland; 5.90; ug/m3
LUC_354724647886024; 2024-06-03T13:00:00.000Z; pm25; DCMR; Rotterdam; 3.59; ug/m3
LTD_34310; 2024-06-03T13:00:00.000Z; pm25; DCMR; Rotterdam; 3.05; ug/m3
LUC_354444115533822; 2024-06-03T13:00:00.000Z; pm25; DCMR; Rotterdam; 0.00; ug/m3
LUC_354724647886586; 2024-06-03T13:00:00.000Z; pm25; DCMR; Rotterdam; 8.13; ug/m3
LTD_46289; 2024-06-03T13:00:00.000Z; pm25; DCMR; Lansingerland; 5.79; ug/m3
LTD_58450; 2024-06-03T13:00:00.000Z; pm25; ODWH; Leiden; 3.52; ug/m3
LTD_13901; 2024-06-03T13:00:00.000Z; pm25; ODWH; Leiden; 2.96; ug/m3
LTD_4939; 2024-06-03T13:00:00.000Z; pm25; ODH; Westland; 4.19; ug/m3
LTD_7664; 2024-06-03T13:00:00.000Z; pm25; ODMH; Gouda; 3.33; ug/m3
LTD_16817; 2024-06-03T13:00:00.000Z; pm25; ODMH; Bodegraven-Reeuwijk; 6.26; ug/m3
LUC_354724647890117; 2024-06-03T13:00:00.000Z; pm25; DCMR; Rotterdam; 7.86; ug/m3
LTD_68650; 2024-06-03T13:00:00.000Z; pm25; ODMH; Gouda; 9.46; ug/m3
LTD_69914; 2024-06-03T13:00:00.000Z; pm25; ODH; Den Haag; 5.25; ug/m3
LUC_354724647889119; 2024-06-03T13:00:00.000Z; pm25; DCMR; Rotterdam; 7.08; ug/m3
LUC_354724647889101; 2024-06-03T13:00:00.000Z; pm25; DCMR; Rotterdam; 7.22; ug/m3
LUC_355523767480512; 2024-06-03T13:00:00.000Z; pm25; ODMH; Gouda; 5.95; ug/m3
NBI_SB936; 2024-06-03T13:00:00.000Z; pm25; ODH; Leidschendam-Voorburg; 2.00; ug/m3
LTD_73074; 2024-06-03T13:00:00.000Z; pm25; ODMH; Gouda; 4.56; ug/m3
LTD_46278; 2024-06-03T13:00:00.000Z; pm25; ODMH; Gouda; 1.56; ug/m3
LUC_354724647886156; 2024-06-03T13:00:00.000Z; pm25; DCMR; Rotterdam; 3.83; ug/m3
