IND_OBJ_KE,IND_WAARDE,IND_WAARD0,IND_OBJ_AA,IND_OBJ_NA,IND_OBJ_BE,IND_OBJ_GR,IND_PERIOD,IND_THEMA,IND_CULT_D,OBJECTID,x,y
"driebeukig gebouw, ankerbalkgebint, stallen aan weerszijden, langgerekt gebouw, grote openslaande staldeuren",Rijksbeschermd,,Ja,"507920",hallehuisgroep (hallehuis - dwarshuistype),boerderijtypen,moderne tijd,landbouw,Gebouwd erfgoed,557.000000000000000,6.7658433939,52.3141390592
"driebeukig gebouw, ankerbalkgebint, stallen aan weerszijden, langgerekt gebouw, grote openslaande staldeuren",Rijksbeschermd,,Ja,"507950",hallehuisgroep (hallehuis - dwarshuistype),boerderijtypen,moderne tijd,landbouw,Gebouwd erfgoed,558.000000000000000,6.8372494660,52.4250842522
"driebeukig gebouw, ankerbalkgebint, stallen aan weerszijden, langgerekt gebouw, grote openslaande staldeuren",Rijksbeschermd,,Ja,"507953",hallehuisgroep (hallehuis - dwarshuistype),boerderijtypen,moderne tijd,landbouw,Gebouwd erfgoed,559.000000000000000,6.8593610438,52.3862247622
"driebeukig gebouw, ankerbalkgebint, stallen aan weerszijden, langgerekt gebouw, grote openslaande staldeuren",Rijksbeschermd,,Ja,"507962",hallehuisgroep (hallehuisboerderij),boerderijtypen,moderne tijd,landbouw,Gebouwd erfgoed,560.000000000000000,6.7534834692,52.4343820977
"driebeukig gebouw, ankerbalkgebint, stallen aan weerszijden, langgerekt gebouw, grote openslaande staldeuren",Rijksbeschermd,,Ja,"507964",hallehuisgroep (t-huisboerderij),boerderijtypen,moderne tijd,landbouw,Gebouwd erfgoed,561.000000000000000,6.4840766356,52.2436198663
,Rijksbeschermd,,Ja,"507968",onbekend,boerderijtypen,moderne tijd,landbouw,Gebouwd erfgoed,562.000000000000000,6.5372603964,52.2656283602
"driebeukig gebouw, ankerbalkgebint, stallen aan weerszijden, langgerekt gebouw, grote openslaande staldeuren",Rijksbeschermd,,Ja,"507973",hallehuisgroep (hallehuisboerderij),boerderijtypen,moderne tijd,landbouw,Gebouwd erfgoed,563.000000000000000,6.5442865956,52.2581897466
"driebeukig gebouw, ankerbalkgebint, stallen aan weerszijden, langgerekt gebouw, grote openslaande staldeuren",Rijksbeschermd,,Ja,"507980",hallehuisgroep (t-huisboerderij),boerderijtypen,moderne tijd,landbouw,Gebouwd erfgoed,564.000000000000000,6.5360573609,52.2595617688
"driebeukig gebouw, ankerbalkgebint, stallen aan weerszijden, langgerekt gebouw, grote openslaande staldeuren",Rijksbeschermd,,Ja,"507984",hallehuisgroep (hallehuisboerderij),boerderijtypen,moderne tijd,landbouw,Gebouwd erfgoed,565.000000000000000,6.4999411358,52.2293056571
"driebeukig gebouw, ankerbalkgebint, stallen aan weerszijden, langgerekt gebouw, grote openslaande staldeuren",Rijksbeschermd,,Ja,"508283",hallehuisgroep (hallehuisboerderij),boerderijtypen,moderne tijd,landbouw,Gebouwd erfgoed,568.000000000000000,6.9042089310,52.3585207448
,Rijksbeschermd,,Ja,"508608",onbekend,boerderijtypen,moderne tijd,landbouw,Gebouwd erfgoed,573.000000000000000,6.4695229402,52.4490480269
"driebeukig gebouw, ankerbalkgebint, stallen aan weerszijden, langgerekt gebouw, grote openslaande staldeuren",Rijksbeschermd,,Ja,"508944",hallehuisgroep (hallehuisboerderij),boerderijtypen,moderne tijd,landbouw,Gebouwd erfgoed,574.000000000000000,6.9780917374,52.3836475210
"driebeukig gebouw, ankerbalkgebint, stallen aan weerszijden, langgerekt gebouw, grote openslaande staldeuren",Rijksbeschermd,,Ja,"508948",hallehuisgroep (hallehuisboerderij),boerderijtypen,moderne tijd,landbouw,Gebouwd erfgoed,575.000000000000000,6.9881188990,52.3758981254
"driebeukig gebouw, ankerbalkgebint, stallen aan weerszijden, langgerekt gebouw, grote openslaande staldeuren",Rijksbeschermd,,Ja,"508949",hallehuisgroep (hallehuisboerderij),boerderijtypen,moderne tijd,landbouw,Gebouwd erfgoed,576.000000000000000,6.9884164870,52.3762894870
,Rijksbeschermd,,Ja,"510553",onbekend,boerderijtypen,moderne tijd,landbouw,Gebouwd erfgoed,581.000000000000000,6.9346235370,52.2500679808
"driebeukig gebouw, ankerbalkgebint, stallen aan weerszijden, langgerekt gebouw, grote openslaande staldeuren",Rijksbeschermd,,Ja,"510570",hallehuisgroep (hallehuisboerderij),boerderijtypen,moderne tijd,landbouw,Gebouwd erfgoed,582.000000000000000,6.7977540715,52.2037075598
"driebeukig gebouw, ankerbalkgebint, stallen aan weerszijden, langgerekt gebouw, grote openslaande staldeuren",Rijksbeschermd,,Ja,"510587",hallehuisgroep (hallehuisboerderij),boerderijtypen,moderne tijd,landbouw,Gebouwd erfgoed,583.000000000000000,6.8211798801,52.2254065666
"driebeukig gebouw, ankerbalkgebint, stallen aan weerszijden, langgerekt gebouw, grote openslaande staldeuren",Rijksbeschermd,,Ja,"510595",hallehuisgroep (hallehuisboerderij),boerderijtypen,moderne tijd,landbouw,Gebouwd erfgoed,584.000000000000000,6.8458935653,52.1962640994
"driebeukig gebouw, ankerbalkgebint, stallen aan weerszijden, langgerekt gebouw, grote openslaande staldeuren",Rijksbeschermd,,Ja,"510605",hallehuisgroep (hallehuisboerderij),boerderijtypen,moderne tijd,landbouw,Gebouwd erfgoed,585.000000000000000,6.8518617620,52.2537024625
"driebeukig gebouw, ankerbalkgebint, stallen aan weerszijden, langgerekt gebouw, grote openslaande staldeuren",Rijksbeschermd,,Ja,"510610",hallehuisgroep (hallehuisboerderij),boerderijtypen,moderne tijd,landbouw,Gebouwd erfgoed,586.000000000000000,6.9242982022,52.2082476559
"driebeukig gebouw, ankerbalkgebint, stallen aan weerszijden, langgerekt gebouw, grote openslaande staldeuren",Rijksbeschermd,,Ja,"510620",hallehuisgroep (hallehuis - dwarshuistype),boerderijtypen,moderne tijd,landbouw,Gebouwd erfgoed,587.000000000000000,6.7798420041,52.2194890640
,Rijksbeschermd,,Ja,"12335",onbekend,boerderijtypen,moderne tijd,landbouw,Gebouwd erfgoed,50.000000000000000,6.8608124787,52.4253950349
,Rijksbeschermd,,Ja,"12346",onbekend,boerderijtypen,,landbouw,Gebouwd erfgoed,51.000000000000000,6.9793429202,52.4537047651
,Rijksbeschermd,,Ja,"12358",onbekend,boerderijtypen,moderne tijd,landbouw,Gebouwd erfgoed,52.000000000000000,6.9732986747,52.4186338726
,Rijksbeschermd,,Ja,"12360",onbekend,boerderijtypen,,landbouw,Gebouwd erfgoed,53.000000000000000,7.0125357111,52.3913007527
,Rijksbeschermd,,Ja,"12361",onbekend,boerderijtypen,,landbouw,Gebouwd erfgoed,54.000000000000000,7.0282900736,52.4120573882
,Rijksbeschermd,,Ja,"12363",onbekend,boerderijtypen,vroegmoderne tijd,landbouw,Gebouwd erfgoed,55.000000000000000,6.9567117995,52.3941314797
,Rijksbeschermd,,Ja,"12879",onbekend,boerderijtypen,vroegmoderne tijd,landbouw,Gebouwd erfgoed,60.000000000000000,6.5487504445,52.1793149717
"driebeukig gebouw, ankerbalkgebint, stallen aan weerszijden, langgerekt gebouw, grote openslaande staldeuren",Rijksbeschermd,,Ja,"510622",hallehuisgroep (hallehuisboerderij),boerderijtypen,moderne tijd,landbouw,Gebouwd erfgoed,588.000000000000000,6.8351291013,52.2305551004
"driebeukig gebouw, ankerbalkgebint, stallen aan weerszijden, langgerekt gebouw, grote openslaande staldeuren",Rijksbeschermd,,Ja,"507615",hallehuisgroep (hallehuisboerderij),boerderijtypen,moderne tijd,landbouw,Gebouwd erfgoed,589.000000000000000,6.7319646370,52.2727724036
"driebeukig gebouw, ankerbalkgebint, stallen aan weerszijden, langgerekt gebouw, grote openslaande staldeuren",Rijksbeschermd,,Ja,"507671",hallehuisgroep (hallehuisboerderij),boerderijtypen,moderne tijd,landbouw,Gebouwd erfgoed,590.000000000000000,6.7000505516,52.3456609141
"driebeukig gebouw, ankerbalkgebint, stallen aan weerszijden, langgerekt gebouw, grote openslaande staldeuren",Rijksbeschermd,,Ja,"511456",hallehuisgroep (hallehuisboerderij),boerderijtypen,moderne tijd,landbouw,Gebouwd erfgoed,592.000000000000000,6.7912894572,52.2663368800
"driebeukig gebouw, ankerbalkgebint, stallen aan weerszijden, langgerekt gebouw, grote openslaande staldeuren",Rijksbeschermd,,Ja,"511481",hallehuisgroep (hallehuisboerderij),boerderijtypen,moderne tijd,landbouw,Gebouwd erfgoed,593.000000000000000,6.7581025295,52.2683918553
"driebeukig gebouw, ankerbalkgebint, stallen aan weerszijden, langgerekt gebouw, grote openslaande staldeuren",Rijksbeschermd,,Ja,"511482",hallehuisgroep (hallehuisboerderij),boerderijtypen,moderne tijd,landbouw,Gebouwd erfgoed,594.000000000000000,6.7466692796,52.2011796679
"koeien met kop naar muur, dekbalkgebint",Rijksbeschermd,,Ja,"511485",noordelijke huisgroep (kop-romptype),boerderijtypen,moderne tijd,landbouw,Gebouwd erfgoed,595.000000000000000,6.8116538149,52.2366257484
"driebeukig gebouw, ankerbalkgebint, stallen aan weerszijden, langgerekt gebouw, grote openslaande staldeuren",Rijksbeschermd,,Ja,"511931",hallehuisgroep (hallehuisboerderij),boerderijtypen,moderne tijd,landbouw,Gebouwd erfgoed,596.000000000000000,6.8522695879,52.2756253536
"driebeukig gebouw, ankerbalkgebint, stallen aan weerszijden, langgerekt gebouw, grote openslaande staldeuren",Rijksbeschermd,,Ja,"511936",hallehuisgroep (twentstype),boerderijtypen,moderne tijd,landbouw,Gebouwd erfgoed,597.000000000000000,6.8236604457,52.3550519764
"driebeukig gebouw, ankerbalkgebint, stallen aan weerszijden, langgerekt gebouw, grote openslaande staldeuren",Rijksbeschermd,,Ja,"512252",hallehuisgroep (hallehuisboerderij),boerderijtypen,moderne tijd,landbouw,Gebouwd erfgoed,598.000000000000000,6.5559214998,52.3923740708
"driebeukig gebouw, ankerbalkgebint, stallen aan weerszijden, langgerekt gebouw, grote openslaande staldeuren",Rijksbeschermd,,Ja,"513499",hallehuisgroep (hallehuisboerderij),boerderijtypen,moderne tijd,landbouw,Gebouwd erfgoed,600.000000000000000,6.9945402040,52.3147053620
"driebeukig gebouw, ankerbalkgebint, stallen aan weerszijden, langgerekt gebouw, grote openslaande staldeuren",Rijksbeschermd,,Ja,"513515",hallehuisgroep (hallehuisboerderij),boerderijtypen,moderne tijd,landbouw,Gebouwd erfgoed,601.000000000000000,6.9709155352,52.3193043016
"driebeukig gebouw, ankerbalkgebint, stallen aan weerszijden, langgerekt gebouw, grote openslaande staldeuren",Rijksbeschermd,,Ja,"513933",hallehuisgroep (hallehuisboerderij),boerderijtypen,moderne tijd,landbouw,Gebouwd erfgoed,606.000000000000000,6.5705917087,52.2048918962
"driebeukig gebouw, ankerbalkgebint, stallen aan weerszijden, langgerekt gebouw, grote openslaande staldeuren",Rijksbeschermd,,Ja,"513936",hallehuisgroep (hallehuisboerderij),boerderijtypen,moderne tijd,landbouw,Gebouwd erfgoed,607.000000000000000,6.5542936412,52.2000370564
,Rijksbeschermd,,Ja,"7554",onbekend,boerderijtypen,moderne tijd,landbouw,Gebouwd erfgoed,638.000000000000000,6.6660025214,52.2899433048
,Rijksbeschermd,,Ja,"520454",onbekend,boerderijtypen,moderne tijd,landbouw,Gebouwd erfgoed,611.000000000000000,6.5970184279,52.2196114225
"driebeukig gebouw, ankerbalkgebint, stallen aan weerszijden, langgerekt gebouw, grote openslaande staldeuren",Rijksbeschermd,,Ja,"526231",hallehuisgroep (t-huisboerderij),boerderijtypen,moderne tijd,landbouw,Gebouwd erfgoed,613.000000000000000,6.7634878232,52.3014586163
"driebeukig gebouw, ankerbalkgebint, stallen aan weerszijden, langgerekt gebouw, grote openslaande staldeuren",Rijksbeschermd,,Ja,"527676",hallehuisgroep (hallehuisboerderij),boerderijtypen,moderne tijd,landbouw,Gebouwd erfgoed,615.000000000000000,6.7403645028,52.2155153271
"ontginning woeste grond, rechthoekige plattegrond, eikengebintconstructie in drie beuken, zadeldak, grote raampartijen, sobere detaillering",Rijksbeschermd,,Ja,"512271",ontginningsboerderij (ontginningsboerderij),boerderijtypen,moderne tijd,landbouw,Gebouwd erfgoed,616.000000000000000,6.7388246432,52.2694366143
"ontginning woeste grond, rechthoekige plattegrond, eikengebintconstructie in drie beuken, zadeldak, grote raampartijen, sobere detaillering",Rijksbeschermd,,Ja,"512272",ontginningsboerderij (ontginningsboerderij),boerderijtypen,moderne tijd,landbouw,Gebouwd erfgoed,617.000000000000000,6.7386614308,52.2710782138
,Rijksbeschermd,,Ja,"12885",onbekend,boerderijtypen,,landbouw,Gebouwd erfgoed,61.000000000000000,6.5771208088,52.1957574280
,Rijksbeschermd,,Ja,"15285",onbekend,boerderijtypen,,landbouw,Gebouwd erfgoed,67.000000000000000,6.7715679249,52.2235684233
"driebeukig gebouw, ankerbalkgebint, stallen aan weerszijden, langgerekt gebouw, grote openslaande staldeuren",Rijksbeschermd,,Ja,"15286",hallehuisgroep (hallehuis- middenlangsdeeltype),boerderijtypen,vroegmoderne tijd,landbouw,Gebouwd erfgoed,68.000000000000000,6.9036728006,52.1755531247
"driebeukig gebouw, ankerbalkgebint, stallen aan weerszijden, langgerekt gebouw, grote openslaande staldeuren",Rijksbeschermd,,Ja,"15287",hallehuisgroep (twentstype),boerderijtypen,,landbouw,Gebouwd erfgoed,69.000000000000000,6.8781137625,52.1772810160
"driebeukig gebouw, ankerbalkgebint, stallen aan weerszijden, langgerekt gebouw, grote openslaande staldeuren",Rijksbeschermd,,Ja,"15291",hallehuisgroep (twentstype),boerderijtypen,,landbouw,Gebouwd erfgoed,70.000000000000000,6.8329375493,52.2090351324
,Rijksbeschermd,,Ja,"15295",onbekend,boerderijtypen,,landbouw,Gebouwd erfgoed,71.000000000000000,6.8491777460,52.1951537783
"driebeukig gebouw, ankerbalkgebint, stallen aan weerszijden, langgerekt gebouw, grote openslaande staldeuren",Rijksbeschermd,,Ja,"15296",hallehuisgroep (twentstype),boerderijtypen,vroegmoderne tijd,landbouw,Gebouwd erfgoed,72.000000000000000,6.9249085399,52.2121883740
,Rijksbeschermd,,Ja,"15298",onbekend,boerderijtypen,moderne tijd,landbouw,Gebouwd erfgoed,73.000000000000000,6.8455566668,52.1962502822
,Rijksbeschermd,,Ja,"15300",onbekend,boerderijtypen,vroegmoderne tijd,landbouw,Gebouwd erfgoed,74.000000000000000,6.9083263203,52.1966809310
,Rijksbeschermd,,Ja,"15305",onbekend,boerderijtypen,,landbouw,Gebouwd erfgoed,75.000000000000000,6.9395096683,52.2515860048
,Rijksbeschermd,,Ja,"15306",onbekend,boerderijtypen,vroegmoderne tijd,landbouw,Gebouwd erfgoed,76.000000000000000,6.9280041972,52.2471251065
,Rijksbeschermd,,Ja,"15311",onbekend,boerderijtypen,,landbouw,Gebouwd erfgoed,77.000000000000000,6.8309215877,52.2064259885
,Rijksbeschermd,,Ja,"15313",onbekend,boerderijtypen,,landbouw,Gebouwd erfgoed,78.000000000000000,6.8914525613,52.2584638547
,Rijksbeschermd,,Ja,"15315",onbekend,boerderijtypen,,landbouw,Gebouwd erfgoed,79.000000000000000,6.8175353063,52.2247107866
,Rijksbeschermd,,Ja,"15316",onbekend,boerderijtypen,moderne tijd,landbouw,Gebouwd erfgoed,80.000000000000000,6.8938186317,52.1863625653
,Rijksbeschermd,,Ja,"15317",onbekend,boerderijtypen,vroegmoderne tijd,landbouw,Gebouwd erfgoed,81.000000000000000,6.8325466033,52.2303709825
,Rijksbeschermd,,Ja,"15318",onbekend,boerderijtypen,moderne tijd,landbouw,Gebouwd erfgoed,82.000000000000000,6.8675952738,52.2252875024
,Rijksbeschermd,,Ja,"18853",onbekend,boerderijtypen,,landbouw,Gebouwd erfgoed,92.000000000000000,6.7112783122,52.1413011987
,Rijksbeschermd,,Ja,"18854",onbekend,boerderijtypen,,landbouw,Gebouwd erfgoed,93.000000000000000,6.8525961413,52.1363047530
,Rijksbeschermd,,Ja,"18856",onbekend,boerderijtypen,,landbouw,Gebouwd erfgoed,94.000000000000000,6.6953278254,52.1361602331
,Rijksbeschermd,,Ja,"18858",onbekend,boerderijtypen,,landbouw,Gebouwd erfgoed,95.000000000000000,6.8038329174,52.1620617313
,Rijksbeschermd,,Ja,"18859",onbekend,boerderijtypen,,landbouw,Gebouwd erfgoed,96.000000000000000,6.6784125017,52.1941452097
,Rijksbeschermd,,Ja,"18860",onbekend,boerderijtypen,vroegmoderne tijd,landbouw,Gebouwd erfgoed,97.000000000000000,6.6919694968,52.1443353782
,Rijksbeschermd,,Ja,"18864",onbekend,boerderijtypen,moderne tijd,landbouw,Gebouwd erfgoed,98.000000000000000,6.8157355773,52.1441123818
,Rijksbeschermd,,Ja,"18865",onbekend,boerderijtypen,vroegmoderne tijd,landbouw,Gebouwd erfgoed,99.000000000000000,6.7381842713,52.1435259448
,Rijksbeschermd,,Ja,"18870",onbekend,boerderijtypen,,landbouw,Gebouwd erfgoed,100.000000000000000,6.7256958638,52.1421945618
,Rijksbeschermd,,Ja,"18871",onbekend,boerderijtypen,,landbouw,Gebouwd erfgoed,101.000000000000000,6.7233423367,52.1341489115
,Rijksbeschermd,,Ja,"18872",onbekend,boerderijtypen,,landbouw,Gebouwd erfgoed,102.000000000000000,6.7222131743,52.1334471117
,Rijksbeschermd,,Ja,"18875",onbekend,boerderijtypen,vroegmoderne tijd,landbouw,Gebouwd erfgoed,103.000000000000000,6.7415715981,52.1480711881
,Rijksbeschermd,,Ja,"18884",onbekend,boerderijtypen,,landbouw,Gebouwd erfgoed,104.000000000000000,6.7120576308,52.1358745224
,Rijksbeschermd,,Ja,"18885",onbekend,boerderijtypen,,landbouw,Gebouwd erfgoed,105.000000000000000,6.7313032664,52.1353752169
,Rijksbeschermd,,Ja,"20002",onbekend,boerderijtypen,moderne tijd,landbouw,Gebouwd erfgoed,106.000000000000000,6.4868360712,52.4756546538
,Rijksbeschermd,,Ja,"20003",onbekend,boerderijtypen,,landbouw,Gebouwd erfgoed,107.000000000000000,6.4774660380,52.4716430087
,Rijksbeschermd,,Ja,"20004",onbekend,boerderijtypen,,landbouw,Gebouwd erfgoed,108.000000000000000,6.4928886544,52.4724422302
"driebeukig gebouw, ankerbalkgebint, stallen aan weerszijden, langgerekt gebouw, grote openslaande staldeuren",Rijksbeschermd,,Ja,"512273",hallehuisgroep (hallehuisboerderij),boerderijtypen,moderne tijd,landbouw,Gebouwd erfgoed,618.000000000000000,6.7412605913,52.2666846469
"driebeukig gebouw, ankerbalkgebint, stallen aan weerszijden, langgerekt gebouw, grote openslaande staldeuren",Rijksbeschermd,,Ja,"524393",hallehuisgroep (hallehuisboerderij),boerderijtypen,vroegmoderne tijd,landbouw,Gebouwd erfgoed,622.000000000000000,6.5450671909,52.3238346025
"driebeukig gebouw, ankerbalkgebint, stallen aan weerszijden, langgerekt gebouw, grote openslaande staldeuren",Rijksbeschermd,,Ja,"527052",hallehuisgroep (hallehuisboerderij),boerderijtypen,moderne tijd,landbouw,Gebouwd erfgoed,625.000000000000000,6.7289544411,52.3328677019
,Rijksbeschermd,,Ja,"7491",onbekend,boerderijtypen,vroegmoderne tijd,landbouw,Gebouwd erfgoed,630.000000000000000,6.6912605684,52.3753865332
,Rijksbeschermd,,Ja,"7493",onbekend,boerderijtypen,vroegmoderne tijd,landbouw,Gebouwd erfgoed,631.000000000000000,6.6435088409,52.3501035705
"driebeukig gebouw, ankerbalkgebint, stallen aan weerszijden, langgerekt gebouw, grote openslaande staldeuren",Rijksbeschermd,,Ja,"7546",hallehuisgroep (hallehuis- middenlangsdeeltype),boerderijtypen,moderne tijd,landbouw,Gebouwd erfgoed,632.000000000000000,6.6168951738,52.2383476762
,Rijksbeschermd,,Ja,"7549",onbekend,boerderijtypen,moderne tijd,landbouw,Gebouwd erfgoed,633.000000000000000,6.6671784754,52.2835425995
,Rijksbeschermd,,Ja,"7550",onbekend,boerderijtypen,,landbouw,Gebouwd erfgoed,634.000000000000000,6.6665792231,52.2845766354
,Rijksbeschermd,,Ja,"7551",onbekend,boerderijtypen,,landbouw,Gebouwd erfgoed,635.000000000000000,6.7298931439,52.2716957138
,Rijksbeschermd,,Ja,"7552",onbekend,boerderijtypen,,landbouw,Gebouwd erfgoed,636.000000000000000,6.6938112976,52.3067267176
,Rijksbeschermd,,Ja,"7553",onbekend,boerderijtypen,,landbouw,Gebouwd erfgoed,637.000000000000000,6.6459791904,52.2503368873
,Rijksbeschermd,,Ja,"7555",onbekend,boerderijtypen,,landbouw,Gebouwd erfgoed,639.000000000000000,6.6219377210,52.2656899718
,Rijksbeschermd,,Ja,"7556",onbekend,boerderijtypen,vroegmoderne tijd,landbouw,Gebouwd erfgoed,640.000000000000000,6.6178445505,52.2429753316
,Rijksbeschermd,,Ja,"9916",onbekend,boerderijtypen,moderne tijd,landbouw,Gebouwd erfgoed,652.000000000000000,6.7609613357,52.2992168332
,Rijksbeschermd,,Ja,"9924",onbekend,boerderijtypen,vroegmoderne tijd,landbouw,Gebouwd erfgoed,653.000000000000000,6.7618068174,52.3029715642
,Rijksbeschermd,,Ja,"9925",onbekend,boerderijtypen,vroegmoderne tijd,landbouw,Gebouwd erfgoed,654.000000000000000,6.7324998748,52.3068642109
"driebeukig gebouw, ankerbalkgebint, stallen aan weerszijden, langgerekt gebouw, grote openslaande staldeuren",Rijksbeschermd,,Ja,"528762",hallehuisgroep (hallehuis - dwarshuistype),boerderijtypen,moderne tijd,landbouw,Gebouwd erfgoed,655.000000000000000,6.5464240813,52.1975195779
,Rijksbeschermd,,Ja,"529139",onbekend,boerderijtypen,moderne tijd,landbouw,Gebouwd erfgoed,656.000000000000000,6.5795146117,52.2030059672
,Rijksbeschermd,,Ja,"21396",onbekend,boerderijtypen,,landbouw,Gebouwd erfgoed,124.000000000000000,6.4426214022,52.4363738483
,Rijksbeschermd,,Ja,"21398",onbekend,boerderijtypen,,landbouw,Gebouwd erfgoed,125.000000000000000,6.4533832445,52.3873549559
"driebeukig gebouw, ankerbalkgebint, stallen aan weerszijden, langgerekt gebouw, grote openslaande staldeuren",Rijksbeschermd,,Ja,"21400",hallehuisgroep (hallehuis- middenlangsdeeltype),boerderijtypen,vroegmoderne tijd,landbouw,Gebouwd erfgoed,126.000000000000000,6.4505356345,52.4407522596
,Rijksbeschermd,,Ja,"21402",onbekend,boerderijtypen,vroegmoderne tijd,landbouw,Gebouwd erfgoed,127.000000000000000,6.4627659631,52.3998985970
,Rijksbeschermd,,Ja,"21404",onbekend,boerderijtypen,vroegmoderne tijd,landbouw,Gebouwd erfgoed,128.000000000000000,6.4698342615,52.4071326582
,Rijksbeschermd,,Ja,"21406",onbekend,boerderijtypen,,landbouw,Gebouwd erfgoed,129.000000000000000,6.4586031244,52.4082324075
,Rijksbeschermd,,Ja,"21518",onbekend,boerderijtypen,,landbouw,Gebouwd erfgoed,130.000000000000000,6.7544646991,52.2432373717
,Rijksbeschermd,,Ja,"21520",onbekend,boerderijtypen,vroegmoderne tijd,landbouw,Gebouwd erfgoed,131.000000000000000,6.7629959744,52.2696767019
,Rijksbeschermd,,Ja,"21522",onbekend,boerderijtypen,vroegmoderne tijd,landbouw,Gebouwd erfgoed,132.000000000000000,6.8385633346,52.2606772349
,Rijksbeschermd,,Ja,"21524",onbekend,boerderijtypen,,landbouw,Gebouwd erfgoed,133.000000000000000,6.8204932807,52.2550287040
,Rijksbeschermd,,Ja,"21525",onbekend,boerderijtypen,moderne tijd,landbouw,Gebouwd erfgoed,134.000000000000000,6.7388488755,52.2469572214
,Rijksbeschermd,,Ja,"22215",onbekend,boerderijtypen,moderne tijd,landbouw,Gebouwd erfgoed,135.000000000000000,6.4625100501,52.2796283109
,Rijksbeschermd,,Ja,"22216",onbekend,boerderijtypen,vroegmoderne tijd,landbouw,Gebouwd erfgoed,136.000000000000000,6.3593775488,52.3100743244
,Rijksbeschermd,,Ja,"21527",onbekend,boerderijtypen,,landbouw,Gebouwd erfgoed,142.000000000000000,6.7442918737,52.2765641763
,Rijksbeschermd,,Ja,"26273",onbekend,boerderijtypen,,landbouw,Gebouwd erfgoed,145.000000000000000,6.9981308592,52.3518674798
"driebeukig gebouw, ankerbalkgebint, stallen aan weerszijden, langgerekt gebouw, grote openslaande staldeuren",Rijksbeschermd,,Ja,"26277",hallehuisgroep (saksische type),boerderijtypen,,landbouw,Gebouwd erfgoed,146.000000000000000,7.0171166257,52.2795992032
,Rijksbeschermd,,Ja,"26281",onbekend,boerderijtypen,,landbouw,Gebouwd erfgoed,147.000000000000000,7.0027494263,52.3312485535
,Rijksbeschermd,,Ja,"26283",onbekend,boerderijtypen,,landbouw,Gebouwd erfgoed,148.000000000000000,7.0281422937,52.3441974864
,Rijksbeschermd,,Ja,"26286",onbekend,boerderijtypen,,landbouw,Gebouwd erfgoed,149.000000000000000,7.0264740140,52.3589113814
,Rijksbeschermd,,Ja,"26288",onbekend,boerderijtypen,moderne tijd,landbouw,Gebouwd erfgoed,150.000000000000000,6.9960179425,52.3517232378
,Rijksbeschermd,,Ja,"26297",onbekend,boerderijtypen,moderne tijd,landbouw,Gebouwd erfgoed,151.000000000000000,7.0087987299,52.2473864703
,Rijksbeschermd,,Ja,"28126",onbekend,boerderijtypen,,landbouw,Gebouwd erfgoed,152.000000000000000,6.5249265430,52.2618865750
,Rijksbeschermd,,Ja,"28127",onbekend,boerderijtypen,moderne tijd,landbouw,Gebouwd erfgoed,153.000000000000000,6.5412531751,52.2786336100
,Rijksbeschermd,,Ja,"28133",onbekend,boerderijtypen,moderne tijd,landbouw,Gebouwd erfgoed,154.000000000000000,6.5951244710,52.2240093630
,Rijksbeschermd,,Ja,"28134",onbekend,boerderijtypen,,landbouw,Gebouwd erfgoed,155.000000000000000,6.5413417173,52.2747082205
,Rijksbeschermd,,Ja,"28136",onbekend,boerderijtypen,,landbouw,Gebouwd erfgoed,156.000000000000000,6.5015224006,52.2291410985
,Rijksbeschermd,,Ja,"28143",onbekend,boerderijtypen,,landbouw,Gebouwd erfgoed,157.000000000000000,6.5067739381,52.2123847311
,Gemeentelijk monument,,Ja,ALM01025,onbekend,boerderijtypen,moderne tijd,landbouw,Gebouwd erfgoed,661.000000000000000,6.6548847353,52.3655325043
"driebeukig gebouw, ankerbalkgebint, stallen aan weerszijden, langgerekt gebouw, grote openslaande staldeuren",Gemeentelijk monument,,Ja,ALM01078,hallehuisgroep (hallehuisboerderij),boerderijtypen,moderne tijd,landbouw,Gebouwd erfgoed,662.000000000000000,6.7126468834,52.3501887637
"driebeukig gebouw, ankerbalkgebint, stallen aan weerszijden, langgerekt gebouw, grote openslaande staldeuren",Gemeentelijk monument,,Ja,ALM01080,hallehuisgroep (hallehuisboerderij),boerderijtypen,moderne tijd,landbouw,Gebouwd erfgoed,663.000000000000000,6.7134845154,52.3572404254
"driebeukig gebouw, ankerbalkgebint, stallen aan weerszijden, langgerekt gebouw, grote openslaande staldeuren",Gemeentelijk monument,,Ja,ALM01081,hallehuisgroep (hallehuisboerderij),boerderijtypen,moderne tijd,landbouw,Gebouwd erfgoed,664.000000000000000,6.6811735726,52.3546416327
"driebeukig gebouw, ankerbalkgebint, stallen aan weerszijden, langgerekt gebouw, grote openslaande staldeuren",Gemeentelijk monument,,Ja,ALM01090,hallehuisgroep (hallehuisboerderij),boerderijtypen,moderne tijd,landbouw,Gebouwd erfgoed,665.000000000000000,6.6348865653,52.3519744790
,Gemeentelijk monument,,Ja,ALM01092,onbekend,boerderijtypen,moderne tijd,landbouw,Gebouwd erfgoed,666.000000000000000,6.6442232598,52.3545992484
"driebeukig gebouw, ankerbalkgebint, stallen aan weerszijden, langgerekt gebouw, grote openslaande staldeuren",Gemeentelijk monument,,Ja,ALM01082,hallehuisgroep (hallehuisboerderij),boerderijtypen,moderne tijd,landbouw,Gebouwd erfgoed,667.000000000000000,6.7043422962,52.3448761712
"driebeukig gebouw, ankerbalkgebint, stallen aan weerszijden, langgerekt gebouw, grote openslaande staldeuren",Gemeentelijk monument,,Ja,ALM01076,hallehuisgroep (hallehuisboerderij),boerderijtypen,moderne tijd,landbouw,Gebouwd erfgoed,668.000000000000000,6.6946617987,52.3586948923
"driebeukig gebouw, ankerbalkgebint, stallen aan weerszijden, langgerekt gebouw, grote openslaande staldeuren",Gemeentelijk monument,,Ja,ALM01077,hallehuisgroep (hallehuisboerderij),boerderijtypen,moderne tijd,landbouw,Gebouwd erfgoed,669.000000000000000,6.7201049145,52.3601343584
"driebeukig gebouw, ankerbalkgebint, stallen aan weerszijden, langgerekt gebouw, grote openslaande staldeuren",Gemeentelijk monument,,Ja,ALM01093,hallehuisgroep (hallehuisboerderij),boerderijtypen,moderne tijd,landbouw,Gebouwd erfgoed,670.000000000000000,6.6590190421,52.3719689110
,Gemeentelijk monument,,Ja,BOR01032,onbekend,boerderijtypen,moderne tijd,landbouw,Gebouwd erfgoed,671.000000000000000,6.7604102590,52.3008232326
,Gemeentelijk monument,,Ja,BOR01033,onbekend,boerderijtypen,vroegmoderne tijd,landbouw,Gebouwd erfgoed,672.000000000000000,6.7590374880,52.3010009594
,Gemeentelijk monument,,Ja,BOR01001,onbekend,boerderijtypen,moderne tijd,landbouw,Gebouwd erfgoed,673.000000000000000,6.7610275019,52.2984969501
,Gemeentelijk monument,,Ja,DNK01031,onbekend,boerderijtypen,moderne tijd,landbouw,Gebouwd erfgoed,686.000000000000000,7.0159961676,52.3692687700
"driebeukig gebouw, ankerbalkgebint, stallen aan weerszijden, langgerekt gebouw, grote openslaande staldeuren",Gemeentelijk monument,,Ja,DNK01017,hallehuisgroep (hallehuisboerderij),boerderijtypen,moderne tijd,landbouw,Gebouwd erfgoed,687.000000000000000,6.8801294300,52.3876892061
,Rijksbeschermd,,Ja,"31746",onbekend,boerderijtypen,vroegmoderne tijd,landbouw,Gebouwd erfgoed,190.000000000000000,6.8995846974,52.4098543748
,Rijksbeschermd,,Ja,"31748",onbekend,boerderijtypen,,landbouw,Gebouwd erfgoed,191.000000000000000,6.8981761821,52.4070677651
,Rijksbeschermd,,Ja,"31752",onbekend,boerderijtypen,vroegmoderne tijd,landbouw,Gebouwd erfgoed,192.000000000000000,6.8999835861,52.4075838813
,Rijksbeschermd,,Ja,"31767",onbekend,boerderijtypen,,landbouw,Gebouwd erfgoed,193.000000000000000,6.8861693225,52.4144187999
,Rijksbeschermd,,Ja,"33022",onbekend,boerderijtypen,,landbouw,Gebouwd erfgoed,199.000000000000000,6.5292547951,52.3215900277
"driebeukig gebouw, ankerbalkgebint, stallen aan weerszijden, langgerekt gebouw, grote openslaande staldeuren",Rijksbeschermd,,Ja,"333490",hallehuisgroep (twentstype),boerderijtypen,moderne tijd,landbouw,Gebouwd erfgoed,200.000000000000000,6.7156625149,52.1472420240
"driebeukig gebouw, ankerbalkgebint, stallen aan weerszijden, langgerekt gebouw, grote openslaande staldeuren",Rijksbeschermd,,Ja,"34143",hallehuisgroep (saksische type),boerderijtypen,moderne tijd,landbouw,Gebouwd erfgoed,202.000000000000000,6.7060114373,52.2557850392
,Rijksbeschermd,,Ja,"34144",onbekend,boerderijtypen,moderne tijd,landbouw,Gebouwd erfgoed,203.000000000000000,6.7079183106,52.2552182102
,Rijksbeschermd,,Ja,"34148",onbekend,boerderijtypen,vroegmoderne tijd,landbouw,Gebouwd erfgoed,204.000000000000000,6.7193503637,52.2631814051
,Rijksbeschermd,,Ja,"34164",onbekend,boerderijtypen,vroegmoderne tijd,landbouw,Gebouwd erfgoed,205.000000000000000,6.7149936760,52.2570665994
,Rijksbeschermd,,Ja,"34165",onbekend,boerderijtypen,vroegmoderne tijd,landbouw,Gebouwd erfgoed,206.000000000000000,6.7215569405,52.2567783132
,Gemeentelijk monument,,Ja,ENS01004,onbekend,boerderijtypen,,landbouw,Gebouwd erfgoed,704.000000000000000,6.8697468849,52.2351602746
,Gemeentelijk monument,,Ja,ENS01027,onbekend,boerderijtypen,moderne tijd,landbouw,Gebouwd erfgoed,705.000000000000000,6.8755082227,52.2543239587
,Gemeentelijk monument,,Ja,ENS01029,onbekend,boerderijtypen,moderne tijd,landbouw,Gebouwd erfgoed,706.000000000000000,6.9243854387,52.2139930320
,Gemeentelijk monument,,Ja,ENS01047,onbekend,boerderijtypen,moderne tijd,landbouw,Gebouwd erfgoed,707.000000000000000,6.8875284391,52.2515011431
,Gemeentelijk monument,,Ja,ENS01005,onbekend,boerderijtypen,moderne tijd,landbouw,Gebouwd erfgoed,708.000000000000000,6.8671793610,52.2381852578
,Gemeentelijk monument,,Ja,ENS01006,onbekend,boerderijtypen,vroegmoderne tijd,landbouw,Gebouwd erfgoed,709.000000000000000,6.8335844427,52.1955229503
,Gemeentelijk monument,,Ja,ENS01014,onbekend,boerderijtypen,vroegmoderne tijd,landbouw,Gebouwd erfgoed,710.000000000000000,6.8671529520,52.1793493561
,Gemeentelijk monument,,Ja,ENS01015,onbekend,boerderijtypen,vroegmoderne tijd,landbouw,Gebouwd erfgoed,711.000000000000000,6.7997125277,52.2054909502
,Gemeentelijk monument,,Ja,ENS01023,onbekend,boerderijtypen,vroegmoderne tijd,landbouw,Gebouwd erfgoed,712.000000000000000,6.8310654757,52.2069650132
,Gemeentelijk monument,,Ja,ENS01085,onbekend,boerderijtypen,moderne tijd,landbouw,Gebouwd erfgoed,713.000000000000000,6.9228103481,52.2069288076
"driebeukig gebouw, ankerbalkgebint, stallen aan weerszijden, langgerekt gebouw, grote openslaande staldeuren",Gemeentelijk monument,,Ja,ENS01071,hallehuisgroep (hallehuisboerderij),boerderijtypen,moderne tijd,landbouw,Gebouwd erfgoed,714.000000000000000,6.8358948559,52.2127673217
,Gemeentelijk monument,,Ja,ENS01081,onbekend,boerderijtypen,moderne tijd,landbouw,Gebouwd erfgoed,715.000000000000000,6.8414021827,52.2424424978
,Gemeentelijk monument,,Ja,ENS01234,onbekend,boerderijtypen,,landbouw,Gebouwd erfgoed,716.000000000000000,6.7977997835,52.2002372535
"driebeukig gebouw, ankerbalkgebint, stallen aan weerszijden, langgerekt gebouw, grote openslaande staldeuren",Gemeentelijk monument,,Ja,ENS01094,hallehuisgroep (hallehuisboerderij),boerderijtypen,,landbouw,Gebouwd erfgoed,717.000000000000000,6.8297264166,52.2102403136
"driebeukig gebouw, ankerbalkgebint, stallen aan weerszijden, langgerekt gebouw, grote openslaande staldeuren",Gemeentelijk monument,,Ja,ENS01155,hallehuisgroep (hallehuisboerderij),boerderijtypen,moderne tijd,landbouw,Gebouwd erfgoed,718.000000000000000,6.9024601373,52.1966754481
"driebeukig gebouw, ankerbalkgebint, stallen aan weerszijden, langgerekt gebouw, grote openslaande staldeuren",Gemeentelijk monument,,Ja,ENS01161,hallehuisgroep (hallehuisboerderij),boerderijtypen,moderne tijd,landbouw,Gebouwd erfgoed,719.000000000000000,6.9200021573,52.2002320230
"driebeukig gebouw, ankerbalkgebint, stallen aan weerszijden, langgerekt gebouw, grote openslaande staldeuren",Gemeentelijk monument,,Ja,HKB01038,hallehuisgroep (hallehuisboerderij),boerderijtypen,vroegmoderne tijd,landbouw,Gebouwd erfgoed,720.000000000000000,6.7421610617,52.1527436681
"driebeukig gebouw, ankerbalkgebint, stallen aan weerszijden, langgerekt gebouw, grote openslaande staldeuren",Gemeentelijk monument,,Ja,HKB01039,hallehuisgroep (hallehuisboerderij),boerderijtypen,moderne tijd,landbouw,Gebouwd erfgoed,721.000000000000000,6.7387881782,52.1410899046
"driebeukig gebouw, ankerbalkgebint, stallen aan weerszijden, langgerekt gebouw, grote openslaande staldeuren",Gemeentelijk monument,,Ja,HKB01003,hallehuisgroep (hallehuisboerderij),boerderijtypen,moderne tijd,landbouw,Gebouwd erfgoed,722.000000000000000,6.8365751014,52.1435855321
"driebeukig gebouw, ankerbalkgebint, stallen aan weerszijden, langgerekt gebouw, grote openslaande staldeuren",Gemeentelijk monument,,Ja,HKB01004,hallehuisgroep (hallehuisboerderij),boerderijtypen,moderne tijd,landbouw,Gebouwd erfgoed,723.000000000000000,6.8472248943,52.1395169546
"driebeukig gebouw, ankerbalkgebint, stallen aan weerszijden, langgerekt gebouw, grote openslaande staldeuren",Gemeentelijk monument,,Ja,HKB01023,hallehuisgroep (hallehuisboerderij),boerderijtypen,moderne tijd,landbouw,Gebouwd erfgoed,724.000000000000000,6.7362249281,52.1584477817
,Gemeentelijk monument,,Ja,HKB01006,onbekend,boerderijtypen,moderne tijd,landbouw,Gebouwd erfgoed,725.000000000000000,6.7444057177,52.1188920731
"driebeukig gebouw, ankerbalkgebint, stallen aan weerszijden, langgerekt gebouw, grote openslaande staldeuren",Gemeentelijk monument,,Ja,HKB01035,hallehuisgroep (hallehuisboerderij),boerderijtypen,vroegmoderne tijd,landbouw,Gebouwd erfgoed,726.000000000000000,6.7438370641,52.1549986367
"driebeukig gebouw, ankerbalkgebint, stallen aan weerszijden, langgerekt gebouw, grote openslaande staldeuren",Gemeentelijk monument,,Ja,HKB01036,hallehuisgroep (hallehuisboerderij),boerderijtypen,vroegmoderne tijd,landbouw,Gebouwd erfgoed,727.000000000000000,6.7422370298,52.1535177665
"driebeukig gebouw, ankerbalkgebint, stallen aan weerszijden, langgerekt gebouw, grote openslaande staldeuren",Gemeentelijk monument,,Ja,HKB01011,hallehuisgroep (hallehuis - dwarshuistype),boerderijtypen,vroegmoderne tijd,landbouw,Gebouwd erfgoed,728.000000000000000,6.8319285319,52.1462853381
"driebeukig gebouw, ankerbalkgebint, stallen aan weerszijden, langgerekt gebouw, grote openslaande staldeuren",Gemeentelijk monument,,Ja,HKB01015,hallehuisgroep (hallehuisboerderij),boerderijtypen,vroegmoderne tijd,landbouw,Gebouwd erfgoed,729.000000000000000,6.7414370139,52.1534441335
"driebeukig gebouw, ankerbalkgebint, stallen aan weerszijden, langgerekt gebouw, grote openslaande staldeuren",Gemeentelijk monument,,Ja,HGL01068,hallehuisgroep (hallehuisboerderij),boerderijtypen,moderne tijd,landbouw,Gebouwd erfgoed,756.000000000000000,6.7368461658,52.2123475020
"driebeukig gebouw, ankerbalkgebint, stallen aan weerszijden, langgerekt gebouw, grote openslaande staldeuren",Gemeentelijk monument,,Ja,HGL01069,hallehuisgroep (hallehuisboerderij),boerderijtypen,,landbouw,Gebouwd erfgoed,757.000000000000000,6.7470976948,52.2485900736
"driebeukig gebouw, ankerbalkgebint, stallen aan weerszijden, langgerekt gebouw, grote openslaande staldeuren",Gemeentelijk monument,,Ja,HGL01047,hallehuisgroep (hallehuisboerderij),boerderijtypen,,landbouw,Gebouwd erfgoed,758.000000000000000,6.7244854354,52.2171950459
"driebeukig gebouw, ankerbalkgebint, stallen aan weerszijden, langgerekt gebouw, grote openslaande staldeuren",Gemeentelijk monument,,Ja,HGL01049,hallehuisgroep (hallehuisboerderij),boerderijtypen,,landbouw,Gebouwd erfgoed,759.000000000000000,6.7488640229,52.2493607595
"driebeukig gebouw, ankerbalkgebint, stallen aan weerszijden, langgerekt gebouw, grote openslaande staldeuren",Gemeentelijk monument,,Ja,HGL01023,hallehuisgroep (hallehuisboerderij),boerderijtypen,,landbouw,Gebouwd erfgoed,760.000000000000000,6.7453603854,52.2410863530
"driebeukig gebouw, ankerbalkgebint, stallen aan weerszijden, langgerekt gebouw, grote openslaande staldeuren",Gemeentelijk monument,,Ja,HGL01028,hallehuisgroep (hallehuisboerderij),boerderijtypen,,landbouw,Gebouwd erfgoed,761.000000000000000,6.7394960038,52.2080474547
"driebeukig gebouw, ankerbalkgebint, stallen aan weerszijden, langgerekt gebouw, grote openslaande staldeuren",Gemeentelijk monument,,Ja,HGL01022,hallehuisgroep (hallehuisboerderij),boerderijtypen,moderne tijd,landbouw,Gebouwd erfgoed,762.000000000000000,6.7499624529,52.2421839539
"driebeukig gebouw, ankerbalkgebint, stallen aan weerszijden, langgerekt gebouw, grote openslaande staldeuren",Gemeentelijk monument,,Ja,HGL01072,hallehuisgroep (hallehuisboerderij),boerderijtypen,,landbouw,Gebouwd erfgoed,763.000000000000000,6.7282568222,52.2444547408
"driebeukig gebouw, ankerbalkgebint, stallen aan weerszijden, langgerekt gebouw, grote openslaande staldeuren",Gemeentelijk monument,,Ja,HOF01060,hallehuisgroep (hallehuisboerderij),boerderijtypen,,landbouw,Gebouwd erfgoed,764.000000000000000,6.7125584634,52.2626454150
"driebeukig gebouw, ankerbalkgebint, stallen aan weerszijden, langgerekt gebouw, grote openslaande staldeuren",Gemeentelijk monument,,Ja,HOF01061,hallehuisgroep (krukhuisboerderij),boerderijtypen,,landbouw,Gebouwd erfgoed,765.000000000000000,6.7096683453,52.2620126086
"driebeukig gebouw, ankerbalkgebint, stallen aan weerszijden, langgerekt gebouw, grote openslaande staldeuren",Gemeentelijk monument,,Ja,HOF01001,hallehuisgroep (hallehuisboerderij),boerderijtypen,moderne tijd,landbouw,Gebouwd erfgoed,766.000000000000000,6.7129367004,52.2635400544
"driebeukig gebouw, ankerbalkgebint, stallen aan weerszijden, langgerekt gebouw, grote openslaande staldeuren",Gemeentelijk monument,,Ja,HOF01022,hallehuisgroep (hallehuisboerderij),boerderijtypen,moderne tijd,landbouw,Gebouwd erfgoed,767.000000000000000,6.4986911687,52.2342795716
,Gemeentelijk monument,,Ja,HOF01023,onbekend,boerderijtypen,moderne tijd,landbouw,Gebouwd erfgoed,768.000000000000000,6.6605317628,52.1989115199
"driebeukig gebouw, ankerbalkgebint, stallen aan weerszijden, langgerekt gebouw, grote openslaande staldeuren",Gemeentelijk monument,,Ja,HOF01043,hallehuisgroep (hallehuisboerderij),boerderijtypen,moderne tijd,landbouw,Gebouwd erfgoed,769.000000000000000,6.5899990584,52.2370549954
"driebeukig gebouw, ankerbalkgebint, stallen aan weerszijden, langgerekt gebouw, grote openslaande staldeuren",Gemeentelijk monument,,Ja,HOF01030,hallehuisgroep (hallehuisboerderij),boerderijtypen,,landbouw,Gebouwd erfgoed,770.000000000000000,6.5883125828,52.2353441222
"driebeukig gebouw, ankerbalkgebint, stallen aan weerszijden, langgerekt gebouw, grote openslaande staldeuren",Gemeentelijk monument,,Ja,HOF01031,hallehuisgroep (hallehuisboerderij),boerderijtypen,moderne tijd,landbouw,Gebouwd erfgoed,771.000000000000000,6.5883569762,52.2353616483
,Gemeentelijk monument,,Ja,RSN01024,onbekend,boerderijtypen,,landbouw,Gebouwd erfgoed,823.000000000000000,6.5312342623,52.3147217168
,Gemeentelijk monument,,Ja,RSN01008,onbekend,boerderijtypen,vroegmoderne tijd,landbouw,Gebouwd erfgoed,824.000000000000000,6.5232914971,52.3086591310
,Gemeentelijk monument,,Ja,RSN01011,onbekend,boerderijtypen,,landbouw,Gebouwd erfgoed,825.000000000000000,6.5235198666,52.3084142500
,Gemeentelijk monument,,Ja,RSN01031,onbekend,boerderijtypen,,landbouw,Gebouwd erfgoed,826.000000000000000,6.5233002221,52.3050124597
,Rijksbeschermd,,Ja,"363393",onbekend,boerderijtypen,vroegmoderne tijd,landbouw,Gebouwd erfgoed,486.000000000000000,6.8951121097,52.1809664434
,Rijksbeschermd,,Ja,"38150",onbekend,boerderijtypen,,landbouw,Gebouwd erfgoed,487.000000000000000,6.6446021328,52.4189311937
,Rijksbeschermd,,Ja,"34147",onbekend,boerderijtypen,vroegmoderne tijd,landbouw,Gebouwd erfgoed,393.000000000000000,6.7188603305,52.2631143771
,Rijksbeschermd,,Ja,"38151",onbekend,boerderijtypen,,landbouw,Gebouwd erfgoed,488.000000000000000,6.6503209740,52.4206008652
,Rijksbeschermd,,Ja,"35752",onbekend,boerderijtypen,,landbouw,Gebouwd erfgoed,474.000000000000000,6.7470077712,52.4257350330
,Rijksbeschermd,,Ja,"35754",onbekend,boerderijtypen,,landbouw,Gebouwd erfgoed,475.000000000000000,6.7415441152,52.4185563960
,Rijksbeschermd,,Ja,"35756",onbekend,boerderijtypen,,landbouw,Gebouwd erfgoed,476.000000000000000,6.8980290965,52.4333222936
,Rijksbeschermd,,Ja,"35759",onbekend,boerderijtypen,,landbouw,Gebouwd erfgoed,477.000000000000000,6.8414165666,52.3950319391
,Rijksbeschermd,,Ja,"38152",onbekend,boerderijtypen,,landbouw,Gebouwd erfgoed,489.000000000000000,6.6505347535,52.4206205546
"driebeukig gebouw, ankerbalkgebint, stallen aan weerszijden, langgerekt gebouw, grote openslaande staldeuren",Gemeentelijk monument,,Ja,TUB01009,hallehuisgroep (hallehuis - dwarshuistype),boerderijtypen,moderne tijd,landbouw,Gebouwd erfgoed,1038.000000000000000,6.8702409799,52.4381597330
,Rijksbeschermd,,Ja,"35760",onbekend,boerderijtypen,,landbouw,Gebouwd erfgoed,478.000000000000000,6.8592546507,52.3870048952
,Rijksbeschermd,,Ja,"35764",onbekend,boerderijtypen,,landbouw,Gebouwd erfgoed,479.000000000000000,6.8510237797,52.4256949895
,Rijksbeschermd,,Ja,"35765",onbekend,boerderijtypen,,landbouw,Gebouwd erfgoed,480.000000000000000,6.7336889837,52.3917117285
,Rijksbeschermd,,Ja,"35769",onbekend,boerderijtypen,,landbouw,Gebouwd erfgoed,481.000000000000000,6.7089699284,52.4320457227
,Rijksbeschermd,,Ja,"35772",onbekend,boerderijtypen,,landbouw,Gebouwd erfgoed,482.000000000000000,6.8384227241,52.4334567006
,Rijksbeschermd,,Ja,"35777",onbekend,boerderijtypen,,landbouw,Gebouwd erfgoed,483.000000000000000,6.7916369462,52.3892263217
,Rijksbeschermd,,Ja,"35779",onbekend,boerderijtypen,,landbouw,Gebouwd erfgoed,484.000000000000000,6.7395110078,52.4251291408
,Rijksbeschermd,,Ja,"35782",onbekend,boerderijtypen,,landbouw,Gebouwd erfgoed,485.000000000000000,6.8319818211,52.4341970926
,Rijksbeschermd,,Ja,"38153",onbekend,boerderijtypen,,landbouw,Gebouwd erfgoed,490.000000000000000,6.6506545928,52.4202078228
,Rijksbeschermd,,Ja,"38154",onbekend,boerderijtypen,,landbouw,Gebouwd erfgoed,491.000000000000000,6.6160416174,52.4089744581
,Rijksbeschermd,,Ja,"38155",onbekend,boerderijtypen,,landbouw,Gebouwd erfgoed,492.000000000000000,6.6643280273,52.3834530530
,Rijksbeschermd,,Ja,"38422",onbekend,boerderijtypen,,landbouw,Gebouwd erfgoed,493.000000000000000,6.9261675585,52.3417712461
,Rijksbeschermd,,Ja,"38425",onbekend,boerderijtypen,,landbouw,Gebouwd erfgoed,494.000000000000000,6.9515349816,52.3596486827
,Rijksbeschermd,,Ja,"38426",onbekend,boerderijtypen,vroegmoderne tijd,landbouw,Gebouwd erfgoed,495.000000000000000,6.9398494606,52.3713519548
,Rijksbeschermd,,Ja,"38428",onbekend,boerderijtypen,,landbouw,Gebouwd erfgoed,496.000000000000000,6.8013390548,52.3337108059
,Rijksbeschermd,,Ja,"38900",onbekend,boerderijtypen,,landbouw,Gebouwd erfgoed,497.000000000000000,6.5975583973,52.2755009279
,Rijksbeschermd,,Ja,"38903",onbekend,boerderijtypen,,landbouw,Gebouwd erfgoed,498.000000000000000,6.5610007357,52.3228164538
,Rijksbeschermd,,Ja,"38905",onbekend,boerderijtypen,,landbouw,Gebouwd erfgoed,499.000000000000000,6.4907409868,52.3393357573
,Rijksbeschermd,,Ja,"38906",onbekend,boerderijtypen,moderne tijd,landbouw,Gebouwd erfgoed,500.000000000000000,6.5632241071,52.2937525266
,Rijksbeschermd,,Ja,"38907",onbekend,boerderijtypen,vroegmoderne tijd,landbouw,Gebouwd erfgoed,501.000000000000000,6.5785675432,52.3449952721
,Rijksbeschermd,,Ja,"38908",onbekend,boerderijtypen,,landbouw,Gebouwd erfgoed,502.000000000000000,6.5066164504,52.3318823042
"driebeukig gebouw, ankerbalkgebint, stallen aan weerszijden, langgerekt gebouw, grote openslaande staldeuren",Rijksbeschermd,,Ja,"46611",hallehuisgroep (twentstype),boerderijtypen,vroegmoderne tijd,landbouw,Gebouwd erfgoed,518.000000000000000,6.8563636539,52.2108045755
"driebeukig gebouw, ankerbalkgebint, stallen aan weerszijden, langgerekt gebouw, grote openslaande staldeuren",Rijksbeschermd,,Ja,"46612",hallehuisgroep (twentstype),boerderijtypen,vroegmoderne tijd,landbouw,Gebouwd erfgoed,519.000000000000000,6.7782698398,52.2281999233
"driebeukig gebouw, ankerbalkgebint, stallen aan weerszijden, langgerekt gebouw, grote openslaande staldeuren",Rijksbeschermd,,Ja,"46769",hallehuisgroep (hallehuis- middenlangsdeeltype),boerderijtypen,moderne tijd,landbouw,Gebouwd erfgoed,520.000000000000000,6.4397723384,52.4142614118
"driebeukig gebouw, ankerbalkgebint, stallen aan weerszijden, langgerekt gebouw, grote openslaande staldeuren",Gemeentelijk monument,,Ja,TUB01019,hallehuisgroep (hallehuisboerderij),boerderijtypen,moderne tijd,landbouw,Gebouwd erfgoed,1039.000000000000000,6.7562661164,52.3985697194
"driebeukig gebouw, ankerbalkgebint, stallen aan weerszijden, langgerekt gebouw, grote openslaande staldeuren",Gemeentelijk monument,,Ja,TUB01020,hallehuisgroep (hallehuis - dwarshuistype),boerderijtypen,,landbouw,Gebouwd erfgoed,1040.000000000000000,6.7424221624,52.4134162597
"driebeukig gebouw, ankerbalkgebint, stallen aan weerszijden, langgerekt gebouw, grote openslaande staldeuren",Gemeentelijk monument,,Ja,TUB01021,hallehuisgroep (hallehuisboerderij),boerderijtypen,volle en late middeleeuwen,landbouw,Gebouwd erfgoed,1041.000000000000000,6.7774382195,52.4242464341
"driebeukig gebouw, ankerbalkgebint, stallen aan weerszijden, langgerekt gebouw, grote openslaande staldeuren",Gemeentelijk monument,,Ja,TUB01010,hallehuisgroep (hallehuisboerderij),boerderijtypen,moderne tijd,landbouw,Gebouwd erfgoed,1042.000000000000000,6.8308185326,52.4235723119
"driebeukig gebouw, ankerbalkgebint, stallen aan weerszijden, langgerekt gebouw, grote openslaande staldeuren",Gemeentelijk monument,,Ja,TUB01011,hallehuisgroep (hallehuisboerderij),boerderijtypen,moderne tijd,landbouw,Gebouwd erfgoed,1043.000000000000000,6.8354457953,52.4247922577
"driebeukig gebouw, ankerbalkgebint, stallen aan weerszijden, langgerekt gebouw, grote openslaande staldeuren",Gemeentelijk monument,,Ja,TUB01012,hallehuisgroep (hallehuisboerderij),boerderijtypen,moderne tijd,landbouw,Gebouwd erfgoed,1044.000000000000000,6.7419423221,52.3698809720
"driebeukig gebouw, ankerbalkgebint, stallen aan weerszijden, langgerekt gebouw, grote openslaande staldeuren",Gemeentelijk monument,,Ja,TUB01013,hallehuisgroep (hallehuis - dwarshuistype),boerderijtypen,moderne tijd,landbouw,Gebouwd erfgoed,1045.000000000000000,6.7117620948,52.3800737591
"koeien met kop naar muur, dekbalkgebint",Gemeentelijk monument,,Ja,TUB01014,noordelijke huisgroep (kop-romptype),boerderijtypen,moderne tijd,landbouw,Gebouwd erfgoed,1046.000000000000000,6.6908772887,52.4046284700
,Gemeentelijk monument,,Ja,VZV01003,onbekend,boerderijtypen,moderne tijd,landbouw,Gebouwd erfgoed,1047.000000000000000,6.6430904085,52.4182145304
"driebeukig gebouw, ankerbalkgebint, stallen aan weerszijden, langgerekt gebouw, grote openslaande staldeuren",Gemeentelijk monument,,Ja,VZV01004,hallehuisgroep (hallehuisboerderij),boerderijtypen,moderne tijd,landbouw,Gebouwd erfgoed,1048.000000000000000,6.6467849021,52.4195138370
,Gemeentelijk monument,,Ja,VZV01005,onbekend,boerderijtypen,moderne tijd,landbouw,Gebouwd erfgoed,1049.000000000000000,6.6512901679,52.4207781842
,Gemeentelijk monument,,Ja,VZV01006,onbekend,boerderijtypen,moderne tijd,landbouw,Gebouwd erfgoed,1050.000000000000000,6.6255182997,52.4123111920
,Gemeentelijk monument,,Ja,VZV01018,onbekend,boerderijtypen,moderne tijd,landbouw,Gebouwd erfgoed,1051.000000000000000,6.6402564826,52.4168775214
"driebeukig gebouw, ankerbalkgebint, stallen aan weerszijden, langgerekt gebouw, grote openslaande staldeuren",Gemeentelijk monument,,Ja,VZV01019,hallehuisgroep (hallehuisboerderij),boerderijtypen,moderne tijd,landbouw,Gebouwd erfgoed,1052.000000000000000,6.6496136741,52.4199924326
"driebeukig gebouw, ankerbalkgebint, stallen aan weerszijden, langgerekt gebouw, grote openslaande staldeuren",Gemeentelijk monument,,Ja,VZV01020,hallehuisgroep (hallehuisboerderij),boerderijtypen,moderne tijd,landbouw,Gebouwd erfgoed,1053.000000000000000,6.6539678907,52.4208484688
"driebeukig gebouw, ankerbalkgebint, stallen aan weerszijden, langgerekt gebouw, grote openslaande staldeuren",Gemeentelijk monument,,Ja,VZV01024,hallehuisgroep (hallehuisboerderij),boerderijtypen,moderne tijd,landbouw,Gebouwd erfgoed,1054.000000000000000,6.7088672122,52.4795728710
"driebeukig gebouw, ankerbalkgebint, stallen aan weerszijden, langgerekt gebouw, grote openslaande staldeuren",Gemeentelijk monument,,Ja,WDN01023,hallehuisgroep (hallehuis - dwarshuistype),boerderijtypen,moderne tijd,landbouw,Gebouwd erfgoed,1055.000000000000000,6.5630659972,52.2922080713
"driebeukig gebouw, ankerbalkgebint, stallen aan weerszijden, langgerekt gebouw, grote openslaande staldeuren",Gemeentelijk monument,,Ja,WDN01024,hallehuisgroep (hallehuisboerderij),boerderijtypen,,landbouw,Gebouwd erfgoed,1056.000000000000000,6.5460617372,52.3270893747
,Gemeentelijk monument,,Ja,WDN01019,onbekend,boerderijtypen,,landbouw,Gebouwd erfgoed,1057.000000000000000,6.5790267166,52.2986639090
"driebeukig gebouw, ankerbalkgebint, stallen aan weerszijden, langgerekt gebouw, grote openslaande staldeuren",Gemeentelijk monument,,Ja,WDN01020,hallehuisgroep (hallehuisboerderij),boerderijtypen,,landbouw,Gebouwd erfgoed,1058.000000000000000,6.5787717972,52.2989990529
"driebeukig gebouw, ankerbalkgebint, stallen aan weerszijden, langgerekt gebouw, grote openslaande staldeuren",Gemeentelijk monument,,Ja,WDN01014,hallehuisgroep (hallehuisboerderij),boerderijtypen,,landbouw,Gebouwd erfgoed,1059.000000000000000,6.5918692447,52.3370586608
"driebeukig gebouw, ankerbalkgebint, stallen aan weerszijden, langgerekt gebouw, grote openslaande staldeuren",Gemeentelijk monument,,Ja,WDN01015,hallehuisgroep (hallehuisboerderij),boerderijtypen,,landbouw,Gebouwd erfgoed,1060.000000000000000,6.5899358583,52.3214742756
"driebeukig gebouw, ankerbalkgebint, stallen aan weerszijden, langgerekt gebouw, grote openslaande staldeuren",Gemeentelijk monument,,Ja,WDN01016,hallehuisgroep (hallehuisboerderij),boerderijtypen,,landbouw,Gebouwd erfgoed,1061.000000000000000,6.5044062816,52.3326761854
"driebeukig gebouw, ankerbalkgebint, stallen aan weerszijden, langgerekt gebouw, grote openslaande staldeuren",Gemeentelijk monument,,Ja,WDN01018,hallehuisgroep (hallehuis - dwarshuistype),boerderijtypen,,landbouw,Gebouwd erfgoed,1062.000000000000000,6.5447440893,52.3288819803
"driebeukig gebouw, ankerbalkgebint, stallen aan weerszijden, langgerekt gebouw, grote openslaande staldeuren",Rijksbeschermd,,Ja,"46926",hallehuisgroep (twentstype),boerderijtypen,moderne tijd,landbouw,Gebouwd erfgoed,528.000000000000000,6.8488969010,52.4392609308
,Rijksbeschermd,,Ja,"47011",onbekend,boerderijtypen,moderne tijd,landbouw,Gebouwd erfgoed,529.000000000000000,6.5485093641,52.3294213467
"driebeukig gebouw, ankerbalkgebint, stallen aan weerszijden, langgerekt gebouw, grote openslaande staldeuren",Rijksbeschermd,,Ja,"47013",hallehuisgroep (hallehuis- middenlangsdeeltype),boerderijtypen,moderne tijd,landbouw,Gebouwd erfgoed,530.000000000000000,6.5553390127,52.3094436840
,Rijksbeschermd,,Ja,"480693",onbekend,boerderijtypen,moderne tijd,landbouw,Gebouwd erfgoed,533.000000000000000,6.5913239804,52.2199724941
,Rijksbeschermd,,Ja,"507476",onbekend,boerderijtypen,moderne tijd,landbouw,Gebouwd erfgoed,536.000000000000000,6.6207273018,52.4106609269
"koeien met kop naar muur, dekbalkgebint",Rijksbeschermd,,Ja,"507480",noordelijke huisgroep (kop-hals-romptype),boerderijtypen,moderne tijd,landbouw,Gebouwd erfgoed,537.000000000000000,6.6990287501,52.4574140100
"driebeukig gebouw, ankerbalkgebint, stallen aan weerszijden, langgerekt gebouw, grote openslaande staldeuren",Rijksbeschermd,,Ja,"507489",hallehuisgroep (hallehuisboerderij),boerderijtypen,moderne tijd,landbouw,Gebouwd erfgoed,538.000000000000000,6.7032535492,52.2556425969
"driebeukig gebouw, ankerbalkgebint, stallen aan weerszijden, langgerekt gebouw, grote openslaande staldeuren",Rijksbeschermd,,Ja,"507502",hallehuisgroep (krukhuisboerderij),boerderijtypen,moderne tijd,landbouw,Gebouwd erfgoed,539.000000000000000,6.7266909115,52.2622987544
"driebeukig gebouw, ankerbalkgebint, stallen aan weerszijden, langgerekt gebouw, grote openslaande staldeuren",Rijksbeschermd,,Ja,"507506",hallehuisgroep (hallehuis - dwarshuistype),boerderijtypen,moderne tijd,landbouw,Gebouwd erfgoed,540.000000000000000,6.7197117142,52.2657234587
"driebeukig gebouw, ankerbalkgebint, stallen aan weerszijden, langgerekt gebouw, grote openslaande staldeuren",Rijksbeschermd,,Ja,"507619",hallehuisgroep (hallehuisboerderij),boerderijtypen,moderne tijd,landbouw,Gebouwd erfgoed,541.000000000000000,6.7186676569,52.2786342442
,Rijksbeschermd,,Ja,"507623",onbekend,boerderijtypen,moderne tijd,landbouw,Gebouwd erfgoed,542.000000000000000,6.7124562938,52.2732912075
"koeien met kop naar muur, dekbalkgebint",Rijksbeschermd,,Ja,"507706",noordelijke huisgroep (kop-romptype),boerderijtypen,moderne tijd,landbouw,Gebouwd erfgoed,543.000000000000000,6.6729721853,52.3588567390
"driebeukig gebouw, ankerbalkgebint, stallen aan weerszijden, langgerekt gebouw, grote openslaande staldeuren",Rijksbeschermd,,Ja,"507711",hallehuisgroep (hallehuisboerderij),boerderijtypen,moderne tijd,landbouw,Gebouwd erfgoed,544.000000000000000,6.6962569647,52.3439321628
"driebeukig gebouw, ankerbalkgebint, stallen aan weerszijden, langgerekt gebouw, grote openslaande staldeuren",Rijksbeschermd,,Ja,"507716",hallehuisgroep (hallehuisboerderij),boerderijtypen,moderne tijd,landbouw,Gebouwd erfgoed,545.000000000000000,6.6569050501,52.3648097538
"driebeukig gebouw, ankerbalkgebint, stallen aan weerszijden, langgerekt gebouw, grote openslaande staldeuren",Rijksbeschermd,,Ja,"507739",hallehuisgroep (hallehuisboerderij),boerderijtypen,moderne tijd,landbouw,Gebouwd erfgoed,546.000000000000000,6.7794083990,52.1709400588
"koeien met kop naar muur, dekbalkgebint",Rijksbeschermd,,Ja,"507743",noordelijke huisgroep (kop-romptype),boerderijtypen,moderne tijd,landbouw,Gebouwd erfgoed,547.000000000000000,6.7540525063,52.1864942353
"driebeukig gebouw, ankerbalkgebint, stallen aan weerszijden, langgerekt gebouw, grote openslaande staldeuren",Rijksbeschermd,,Ja,"507786",hallehuisgroep (t-huisboerderij),boerderijtypen,moderne tijd,landbouw,Gebouwd erfgoed,548.000000000000000,6.6963409619,52.2794096871
"driebeukig gebouw, ankerbalkgebint, stallen aan weerszijden, langgerekt gebouw, grote openslaande staldeuren",Rijksbeschermd,,Ja,"507790",hallehuisgroep (hallehuisboerderij),boerderijtypen,moderne tijd,landbouw,Gebouwd erfgoed,549.000000000000000,6.6790333092,52.2955946299
"driebeukig gebouw, ankerbalkgebint, stallen aan weerszijden, langgerekt gebouw, grote openslaande staldeuren",Rijksbeschermd,,Ja,"507796",hallehuisgroep (hallehuisboerderij),boerderijtypen,moderne tijd,landbouw,Gebouwd erfgoed,550.000000000000000,6.7203953073,52.2789673823
"driebeukig gebouw, ankerbalkgebint, stallen aan weerszijden, langgerekt gebouw, grote openslaande staldeuren",Rijksbeschermd,,Ja,"507799",hallehuisgroep (hallehuisboerderij),boerderijtypen,moderne tijd,landbouw,Gebouwd erfgoed,551.000000000000000,6.7072739649,52.2942028929
"driebeukig gebouw, ankerbalkgebint, stallen aan weerszijden, langgerekt gebouw, grote openslaande staldeuren",Rijksbeschermd,,Ja,"507802",hallehuisgroep (hallehuis - dwarshuistype),boerderijtypen,moderne tijd,landbouw,Gebouwd erfgoed,552.000000000000000,6.7177149439,52.2676887600
"driebeukig gebouw, ankerbalkgebint, stallen aan weerszijden, langgerekt gebouw, grote openslaande staldeuren",Rijksbeschermd,,Ja,"507805",hallehuisgroep (hallehuisboerderij),boerderijtypen,moderne tijd,landbouw,Gebouwd erfgoed,553.000000000000000,6.6421507164,52.2675480180
"driebeukig gebouw, ankerbalkgebint, stallen aan weerszijden, langgerekt gebouw, grote openslaande staldeuren",Rijksbeschermd,,Ja,"507807",hallehuisgroep (hallehuisboerderij),boerderijtypen,moderne tijd,landbouw,Gebouwd erfgoed,554.000000000000000,6.6277506676,52.2370784863
"driebeukig gebouw, ankerbalkgebint, stallen aan weerszijden, langgerekt gebouw, grote openslaande staldeuren",Rijksbeschermd,,Ja,"507809",hallehuisgroep (hallehuisboerderij),boerderijtypen,moderne tijd,landbouw,Gebouwd erfgoed,555.000000000000000,6.7168101087,52.2878368467
"driebeukig gebouw, ankerbalkgebint, stallen aan weerszijden, langgerekt gebouw, grote openslaande staldeuren",Rijksbeschermd,,Ja,"507913",hallehuisgroep (hallehuis - dwarshuistype),boerderijtypen,moderne tijd,landbouw,Gebouwd erfgoed,556.000000000000000,6.7409595764,52.3124524677
