IND_OBJ_KE,IND_WAARDE,IND_WAARD0,IND_OBJ_AA,IND_OBJ_NA,IND_OBJ_BE,IND_OBJ_GR,IND_PERIOD,IND_THEMA,IND_CULT_D,OBJECTID
"driebeukig gebouw, ankerbalkgebint, stallen aan weerszijden, langgerekt gebouw, grote openslaande staldeuren",Rijksbeschermd,,Ja,"507920",hallehuisgroep (hallehuis - dwarshuistype),boerderijtypen,moderne tijd,landbouw,Gebouwd erfgoed,557.000000000000000
"driebeukig gebouw, ankerbalkgebint, stallen aan weerszijden, langgerekt gebouw, grote openslaande staldeuren",Rijksbeschermd,,Ja,"507950",hallehuisgroep (hallehuis - dwarshuistype),boerderijtypen,moderne tijd,landbouw,Gebouwd erfgoed,558.000000000000000
"driebeukig gebouw, ankerbalkgebint, stallen aan weerszijden, langgerekt gebouw, grote openslaande staldeuren",Rijksbeschermd,,Ja,"507953",hallehuisgroep (hallehuis - dwarshuistype),boerderijtypen,moderne tijd,landbouw,Gebouwd erfgoed,559.000000000000000
"driebeukig gebouw, ankerbalkgebint, stallen aan weerszijden, langgerekt gebouw, grote openslaande staldeuren",Rijksbeschermd,,Ja,"507962",hallehuisgroep (hallehuisboerderij),boerderijtypen,moderne tijd,landbouw,Gebouwd erfgoed,560.000000000000000
"driebeukig gebouw, ankerbalkgebint, stallen aan weerszijden, langgerekt gebouw, grote openslaande staldeuren",Rijksbeschermd,,Ja,"507964",hallehuisgroep (t-huisboerderij),boerderijtypen,moderne tijd,landbouw,Gebouwd erfgoed,561.000000000000000
,Rijksbeschermd,,Ja,"507968",onbekend,boerderijtypen,moderne tijd,landbouw,Gebouwd erfgoed,562.000000000000000
"driebeukig gebouw, ankerbalkgebint, stallen aan weerszijden, langgerekt gebouw, grote openslaande staldeuren",Rijksbeschermd,,Ja,"507973",hallehuisgroep (hallehuisboerderij),boerderijtypen,moderne tijd,landbouw,Gebouwd erfgoed,563.000000000000000
"driebeukig gebouw, ankerbalkgebint, stallen aan weerszijden, langgerekt gebouw, grote openslaande staldeuren",Rijksbeschermd,,Ja,"507980",hallehuisgroep (t-huisboerderij),boerderijtypen,moderne tijd,landbouw,Gebouwd erfgoed,564.000000000000000
"driebeukig gebouw, ankerbalkgebint, stallen aan weerszijden, langgerekt gebouw, grote openslaande staldeuren",Rijksbeschermd,,Ja,"507984",hallehuisgroep (hallehuisboerderij),boerderijtypen,moderne tijd,landbouw,Gebouwd erfgoed,565.000000000000000
"driebeukig gebouw, ankerbalkgebint, stallen aan weerszijden, langgerekt gebouw, grote openslaande staldeuren",Rijksbeschermd,,Ja,"508283",hallehuisgroep (hallehuisboerderij),boerderijtypen,moderne tijd,landbouw,Gebouwd erfgoed,568.000000000000000
,Rijksbeschermd,,Ja,"508608",onbekend,boerderijtypen,moderne tijd,landbouw,Gebouwd erfgoed,573.000000000000000
"driebeukig gebouw, ankerbalkgebint, stallen aan weerszijden, langgerekt gebouw, grote openslaande staldeuren",Rijksbeschermd,,Ja,"508944",hallehuisgroep (hallehuisboerderij),boerderijtypen,moderne tijd,landbouw,Gebouwd erfgoed,574.000000000000000
"driebeukig gebouw, ankerbalkgebint, stallen aan weerszijden, langgerekt gebouw, grote openslaande staldeuren",Rijksbeschermd,,Ja,"508948",hallehuisgroep (hallehuisboerderij),boerderijtypen,moderne tijd,landbouw,Gebouwd erfgoed,575.000000000000000
"driebeukig gebouw, ankerbalkgebint, stallen aan weerszijden, langgerekt gebouw, grote openslaande staldeuren",Rijksbeschermd,,Ja,"508949",hallehuisgroep (hallehuisboerderij),boerderijtypen,moderne tijd,landbouw,Gebouwd erfgoed,576.000000000000000
,Rijksbeschermd,,Ja,"510553",onbekend,boerderijtypen,moderne tijd,landbouw,Gebouwd erfgoed,581.000000000000000
"driebeukig gebouw, ankerbalkgebint, stallen aan weerszijden, langgerekt gebouw, grote openslaande staldeuren",Rijksbeschermd,,Ja,"510570",hallehuisgroep (hallehuisboerderij),boerderijtypen,moderne tijd,landbouw,Gebouwd erfgoed,582.000000000000000
"driebeukig gebouw, ankerbalkgebint, stallen aan weerszijden, langgerekt gebouw, grote openslaande staldeuren",Rijksbeschermd,,Ja,"510587",hallehuisgroep (hallehuisboerderij),boerderijtypen,moderne tijd,landbouw,Gebouwd erfgoed,583.000000000000000
"driebeukig gebouw, ankerbalkgebint, stallen aan weerszijden, langgerekt gebouw, grote openslaande staldeuren",Rijksbeschermd,,Ja,"510595",hallehuisgroep (hallehuisboerderij),boerderijtypen,moderne tijd,landbouw,Gebouwd erfgoed,584.000000000000000
"driebeukig gebouw, ankerbalkgebint, stallen aan weerszijden, langgerekt gebouw, grote openslaande staldeuren",Rijksbeschermd,,Ja,"510605",hallehuisgroep (hallehuisboerderij),boerderijtypen,moderne tijd,landbouw,Gebouwd erfgoed,585.000000000000000
"driebeukig gebouw, ankerbalkgebint, stallen aan weerszijden, langgerekt gebouw, grote openslaande staldeuren",Rijksbeschermd,,Ja,"510610",hallehuisgroep (hallehuisboerderij),boerderijtypen,moderne tijd,landbouw,Gebouwd erfgoed,586.000000000000000
"driebeukig gebouw, ankerbalkgebint, stallen aan weerszijden, langgerekt gebouw, grote openslaande staldeuren",Rijksbeschermd,,Ja,"510620",hallehuisgroep (hallehuis - dwarshuistype),boerderijtypen,moderne tijd,landbouw,Gebouwd erfgoed,587.000000000000000
,Rijksbeschermd,,Ja,"12335",onbekend,boerderijtypen,moderne tijd,landbouw,Gebouwd erfgoed,50.000000000000000
,Rijksbeschermd,,Ja,"12346",onbekend,boerderijtypen,,landbouw,Gebouwd erfgoed,51.000000000000000
,Rijksbeschermd,,Ja,"12358",onbekend,boerderijtypen,moderne tijd,landbouw,Gebouwd erfgoed,52.000000000000000
,Rijksbeschermd,,Ja,"12360",onbekend,boerderijtypen,,landbouw,Gebouwd erfgoed,53.000000000000000
,Rijksbeschermd,,Ja,"12361",onbekend,boerderijtypen,,landbouw,Gebouwd erfgoed,54.000000000000000
,Rijksbeschermd,,Ja,"12363",onbekend,boerderijtypen,vroegmoderne tijd,landbouw,Gebouwd erfgoed,55.000000000000000
,Rijksbeschermd,,Ja,"12879",onbekend,boerderijtypen,vroegmoderne tijd,landbouw,Gebouwd erfgoed,60.000000000000000
"driebeukig gebouw, ankerbalkgebint, stallen aan weerszijden, langgerekt gebouw, grote openslaande staldeuren",Rijksbeschermd,,Ja,"510622",hallehuisgroep (hallehuisboerderij),boerderijtypen,moderne tijd,landbouw,Gebouwd erfgoed,588.000000000000000
"driebeukig gebouw, ankerbalkgebint, stallen aan weerszijden, langgerekt gebouw, grote openslaande staldeuren",Rijksbeschermd,,Ja,"507615",hallehuisgroep (hallehuisboerderij),boerderijtypen,moderne tijd,landbouw,Gebouwd erfgoed,589.000000000000000
"driebeukig gebouw, ankerbalkgebint, stallen aan weerszijden, langgerekt gebouw, grote openslaande staldeuren",Rijksbeschermd,,Ja,"507671",hallehuisgroep (hallehuisboerderij),boerderijtypen,moderne tijd,landbouw,Gebouwd erfgoed,590.000000000000000
"driebeukig gebouw, ankerbalkgebint, stallen aan weerszijden, langgerekt gebouw, grote openslaande staldeuren",Rijksbeschermd,,Ja,"511456",hallehuisgroep (hallehuisboerderij),boerderijtypen,moderne tijd,landbouw,Gebouwd erfgoed,592.000000000000000
"driebeukig gebouw, ankerbalkgebint, stallen aan weerszijden, langgerekt gebouw, grote openslaande staldeuren",Rijksbeschermd,,Ja,"511481",hallehuisgroep (hallehuisboerderij),boerderijtypen,moderne tijd,landbouw,Gebouwd erfgoed,593.000000000000000
"driebeukig gebouw, ankerbalkgebint, stallen aan weerszijden, langgerekt gebouw, grote openslaande staldeuren",Rijksbeschermd,,Ja,"511482",hallehuisgroep (hallehuisboerderij),boerderijtypen,moderne tijd,landbouw,Gebouwd erfgoed,594.000000000000000
"koeien met kop naar muur, dekbalkgebint",Rijksbeschermd,,Ja,"511485",noordelijke huisgroep (kop-romptype),boerderijtypen,moderne tijd,landbouw,Gebouwd erfgoed,595.000000000000000
"driebeukig gebouw, ankerbalkgebint, stallen aan weerszijden, langgerekt gebouw, grote openslaande staldeuren",Rijksbeschermd,,Ja,"511931",hallehuisgroep (hallehuisboerderij),boerderijtypen,moderne tijd,landbouw,Gebouwd erfgoed,596.000000000000000
"driebeukig gebouw, ankerbalkgebint, stallen aan weerszijden, langgerekt gebouw, grote openslaande staldeuren",Rijksbeschermd,,Ja,"511936",hallehuisgroep (twentstype),boerderijtypen,moderne tijd,landbouw,Gebouwd erfgoed,597.000000000000000
"driebeukig gebouw, ankerbalkgebint, stallen aan weerszijden, langgerekt gebouw, grote openslaande staldeuren",Rijksbeschermd,,Ja,"512252",hallehuisgroep (hallehuisboerderij),boerderijtypen,moderne tijd,landbouw,Gebouwd erfgoed,598.000000000000000
"driebeukig gebouw, ankerbalkgebint, stallen aan weerszijden, langgerekt gebouw, grote openslaande staldeuren",Rijksbeschermd,,Ja,"513499",hallehuisgroep (hallehuisboerderij),boerderijtypen,moderne tijd,landbouw,Gebouwd erfgoed,600.000000000000000
"driebeukig gebouw, ankerbalkgebint, stallen aan weerszijden, langgerekt gebouw, grote openslaande staldeuren",Rijksbeschermd,,Ja,"513515",hallehuisgroep (hallehuisboerderij),boerderijtypen,moderne tijd,landbouw,Gebouwd erfgoed,601.000000000000000
"driebeukig gebouw, ankerbalkgebint, stallen aan weerszijden, langgerekt gebouw, grote openslaande staldeuren",Rijksbeschermd,,Ja,"513933",hallehuisgroep (hallehuisboerderij),boerderijtypen,moderne tijd,landbouw,Gebouwd erfgoed,606.000000000000000
"driebeukig gebouw, ankerbalkgebint, stallen aan weerszijden, langgerekt gebouw, grote openslaande staldeuren",Rijksbeschermd,,Ja,"513936",hallehuisgroep (hallehuisboerderij),boerderijtypen,moderne tijd,landbouw,Gebouwd erfgoed,607.000000000000000
,Rijksbeschermd,,Ja,"7554",onbekend,boerderijtypen,moderne tijd,landbouw,Gebouwd erfgoed,638.000000000000000
,Rijksbeschermd,,Ja,"520454",onbekend,boerderijtypen,moderne tijd,landbouw,Gebouwd erfgoed,611.000000000000000
"driebeukig gebouw, ankerbalkgebint, stallen aan weerszijden, langgerekt gebouw, grote openslaande staldeuren",Rijksbeschermd,,Ja,"526231",hallehuisgroep (t-huisboerderij),boerderijtypen,moderne tijd,landbouw,Gebouwd erfgoed,613.000000000000000
"driebeukig gebouw, ankerbalkgebint, stallen aan weerszijden, langgerekt gebouw, grote openslaande staldeuren",Rijksbeschermd,,Ja,"527676",hallehuisgroep (hallehuisboerderij),boerderijtypen,moderne tijd,landbouw,Gebouwd erfgoed,615.000000000000000
"ontginning woeste grond, rechthoekige plattegrond, eikengebintconstructie in drie beuken, zadeldak, grote raampartijen, sobere detaillering",Rijksbeschermd,,Ja,"512271",ontginningsboerderij (ontginningsboerderij),boerderijtypen,moderne tijd,landbouw,Gebouwd erfgoed,616.000000000000000
"ontginning woeste grond, rechthoekige plattegrond, eikengebintconstructie in drie beuken, zadeldak, grote raampartijen, sobere detaillering",Rijksbeschermd,,Ja,"512272",ontginningsboerderij (ontginningsboerderij),boerderijtypen,moderne tijd,landbouw,Gebouwd erfgoed,617.000000000000000
,Rijksbeschermd,,Ja,"12885",onbekend,boerderijtypen,,landbouw,Gebouwd erfgoed,61.000000000000000
,Rijksbeschermd,,Ja,"15285",onbekend,boerderijtypen,,landbouw,Gebouwd erfgoed,67.000000000000000
"driebeukig gebouw, ankerbalkgebint, stallen aan weerszijden, langgerekt gebouw, grote openslaande staldeuren",Rijksbeschermd,,Ja,"15286",hallehuisgroep (hallehuis- middenlangsdeeltype),boerderijtypen,vroegmoderne tijd,landbouw,Gebouwd erfgoed,68.000000000000000
"driebeukig gebouw, ankerbalkgebint, stallen aan weerszijden, langgerekt gebouw, grote openslaande staldeuren",Rijksbeschermd,,Ja,"15287",hallehuisgroep (twentstype),boerderijtypen,,landbouw,Gebouwd erfgoed,69.000000000000000
"driebeukig gebouw, ankerbalkgebint, stallen aan weerszijden, langgerekt gebouw, grote openslaande staldeuren",Rijksbeschermd,,Ja,"15291",hallehuisgroep (twentstype),boerderijtypen,,landbouw,Gebouwd erfgoed,70.000000000000000
,Rijksbeschermd,,Ja,"15295",onbekend,boerderijtypen,,landbouw,Gebouwd erfgoed,71.000000000000000
"driebeukig gebouw, ankerbalkgebint, stallen aan weerszijden, langgerekt gebouw, grote openslaande staldeuren",Rijksbeschermd,,Ja,"15296",hallehuisgroep (twentstype),boerderijtypen,vroegmoderne tijd,landbouw,Gebouwd erfgoed,72.000000000000000
,Rijksbeschermd,,Ja,"15298",onbekend,boerderijtypen,moderne tijd,landbouw,Gebouwd erfgoed,73.000000000000000
,Rijksbeschermd,,Ja,"15300",onbekend,boerderijtypen,vroegmoderne tijd,landbouw,Gebouwd erfgoed,74.000000000000000
,Rijksbeschermd,,Ja,"15305",onbekend,boerderijtypen,,landbouw,Gebouwd erfgoed,75.000000000000000
,Rijksbeschermd,,Ja,"15306",onbekend,boerderijtypen,vroegmoderne tijd,landbouw,Gebouwd erfgoed,76.000000000000000
,Rijksbeschermd,,Ja,"15311",onbekend,boerderijtypen,,landbouw,Gebouwd erfgoed,77.000000000000000
,Rijksbeschermd,,Ja,"15313",onbekend,boerderijtypen,,landbouw,Gebouwd erfgoed,78.000000000000000
,Rijksbeschermd,,Ja,"15315",onbekend,boerderijtypen,,landbouw,Gebouwd erfgoed,79.000000000000000
,Rijksbeschermd,,Ja,"15316",onbekend,boerderijtypen,moderne tijd,landbouw,Gebouwd erfgoed,80.000000000000000
,Rijksbeschermd,,Ja,"15317",onbekend,boerderijtypen,vroegmoderne tijd,landbouw,Gebouwd erfgoed,81.000000000000000
,Rijksbeschermd,,Ja,"15318",onbekend,boerderijtypen,moderne tijd,landbouw,Gebouwd erfgoed,82.000000000000000
,Rijksbeschermd,,Ja,"18853",onbekend,boerderijtypen,,landbouw,Gebouwd erfgoed,92.000000000000000
,Rijksbeschermd,,Ja,"18854",onbekend,boerderijtypen,,landbouw,Gebouwd erfgoed,93.000000000000000
,Rijksbeschermd,,Ja,"18856",onbekend,boerderijtypen,,landbouw,Gebouwd erfgoed,94.000000000000000
,Rijksbeschermd,,Ja,"18858",onbekend,boerderijtypen,,landbouw,Gebouwd erfgoed,95.000000000000000
,Rijksbeschermd,,Ja,"18859",onbekend,boerderijtypen,,landbouw,Gebouwd erfgoed,96.000000000000000
,Rijksbeschermd,,Ja,"18860",onbekend,boerderijtypen,vroegmoderne tijd,landbouw,Gebouwd erfgoed,97.000000000000000
,Rijksbeschermd,,Ja,"18864",onbekend,boerderijtypen,moderne tijd,landbouw,Gebouwd erfgoed,98.000000000000000
,Rijksbeschermd,,Ja,"18865",onbekend,boerderijtypen,vroegmoderne tijd,landbouw,Gebouwd erfgoed,99.000000000000000
,Rijksbeschermd,,Ja,"18870",onbekend,boerderijtypen,,landbouw,Gebouwd erfgoed,100.000000000000000
,Rijksbeschermd,,Ja,"18871",onbekend,boerderijtypen,,landbouw,Gebouwd erfgoed,101.000000000000000
,Rijksbeschermd,,Ja,"18872",onbekend,boerderijtypen,,landbouw,Gebouwd erfgoed,102.000000000000000
,Rijksbeschermd,,Ja,"18875",onbekend,boerderijtypen,vroegmoderne tijd,landbouw,Gebouwd erfgoed,103.000000000000000
,Rijksbeschermd,,Ja,"18884",onbekend,boerderijtypen,,landbouw,Gebouwd erfgoed,104.000000000000000
,Rijksbeschermd,,Ja,"18885",onbekend,boerderijtypen,,landbouw,Gebouwd erfgoed,105.000000000000000
,Rijksbeschermd,,Ja,"20002",onbekend,boerderijtypen,moderne tijd,landbouw,Gebouwd erfgoed,106.000000000000000
,Rijksbeschermd,,Ja,"20003",onbekend,boerderijtypen,,landbouw,Gebouwd erfgoed,107.000000000000000
,Rijksbeschermd,,Ja,"20004",onbekend,boerderijtypen,,landbouw,Gebouwd erfgoed,108.000000000000000
"driebeukig gebouw, ankerbalkgebint, stallen aan weerszijden, langgerekt gebouw, grote openslaande staldeuren",Rijksbeschermd,,Ja,"512273",hallehuisgroep (hallehuisboerderij),boerderijtypen,moderne tijd,landbouw,Gebouwd erfgoed,618.000000000000000
"driebeukig gebouw, ankerbalkgebint, stallen aan weerszijden, langgerekt gebouw, grote openslaande staldeuren",Rijksbeschermd,,Ja,"524393",hallehuisgroep (hallehuisboerderij),boerderijtypen,vroegmoderne tijd,landbouw,Gebouwd erfgoed,622.000000000000000
"driebeukig gebouw, ankerbalkgebint, stallen aan weerszijden, langgerekt gebouw, grote openslaande staldeuren",Rijksbeschermd,,Ja,"527052",hallehuisgroep (hallehuisboerderij),boerderijtypen,moderne tijd,landbouw,Gebouwd erfgoed,625.000000000000000
,Rijksbeschermd,,Ja,"7491",onbekend,boerderijtypen,vroegmoderne tijd,landbouw,Gebouwd erfgoed,630.000000000000000
,Rijksbeschermd,,Ja,"7493",onbekend,boerderijtypen,vroegmoderne tijd,landbouw,Gebouwd erfgoed,631.000000000000000
"driebeukig gebouw, ankerbalkgebint, stallen aan weerszijden, langgerekt gebouw, grote openslaande staldeuren",Rijksbeschermd,,Ja,"7546",hallehuisgroep (hallehuis- middenlangsdeeltype),boerderijtypen,moderne tijd,landbouw,Gebouwd erfgoed,632.000000000000000
,Rijksbeschermd,,Ja,"7549",onbekend,boerderijtypen,moderne tijd,landbouw,Gebouwd erfgoed,633.000000000000000
,Rijksbeschermd,,Ja,"7550",onbekend,boerderijtypen,,landbouw,Gebouwd erfgoed,634.000000000000000
,Rijksbeschermd,,Ja,"7551",onbekend,boerderijtypen,,landbouw,Gebouwd erfgoed,635.000000000000000
,Rijksbeschermd,,Ja,"7552",onbekend,boerderijtypen,,landbouw,Gebouwd erfgoed,636.000000000000000
,Rijksbeschermd,,Ja,"7553",onbekend,boerderijtypen,,landbouw,Gebouwd erfgoed,637.000000000000000
,Rijksbeschermd,,Ja,"7555",onbekend,boerderijtypen,,landbouw,Gebouwd erfgoed,639.000000000000000
,Rijksbeschermd,,Ja,"7556",onbekend,boerderijtypen,vroegmoderne tijd,landbouw,Gebouwd erfgoed,640.000000000000000
,Rijksbeschermd,,Ja,"9916",onbekend,boerderijtypen,moderne tijd,landbouw,Gebouwd erfgoed,652.000000000000000
,Rijksbeschermd,,Ja,"9924",onbekend,boerderijtypen,vroegmoderne tijd,landbouw,Gebouwd erfgoed,653.000000000000000
,Rijksbeschermd,,Ja,"9925",onbekend,boerderijtypen,vroegmoderne tijd,landbouw,Gebouwd erfgoed,654.000000000000000
"driebeukig gebouw, ankerbalkgebint, stallen aan weerszijden, langgerekt gebouw, grote openslaande staldeuren",Rijksbeschermd,,Ja,"528762",hallehuisgroep (hallehuis - dwarshuistype),boerderijtypen,moderne tijd,landbouw,Gebouwd erfgoed,655.000000000000000
,Rijksbeschermd,,Ja,"529139",onbekend,boerderijtypen,moderne tijd,landbouw,Gebouwd erfgoed,656.000000000000000
,Rijksbeschermd,,Ja,"21396",onbekend,boerderijtypen,,landbouw,Gebouwd erfgoed,124.000000000000000
,Rijksbeschermd,,Ja,"21398",onbekend,boerderijtypen,,landbouw,Gebouwd erfgoed,125.000000000000000
"driebeukig gebouw, ankerbalkgebint, stallen aan weerszijden, langgerekt gebouw, grote openslaande staldeuren",Rijksbeschermd,,Ja,"21400",hallehuisgroep (hallehuis- middenlangsdeeltype),boerderijtypen,vroegmoderne tijd,landbouw,Gebouwd erfgoed,126.000000000000000
,Rijksbeschermd,,Ja,"21402",onbekend,boerderijtypen,vroegmoderne tijd,landbouw,Gebouwd erfgoed,127.000000000000000
,Rijksbeschermd,,Ja,"21404",onbekend,boerderijtypen,vroegmoderne tijd,landbouw,Gebouwd erfgoed,128.000000000000000
,Rijksbeschermd,,Ja,"21406",onbekend,boerderijtypen,,landbouw,Gebouwd erfgoed,129.000000000000000
,Rijksbeschermd,,Ja,"21518",onbekend,boerderijtypen,,landbouw,Gebouwd erfgoed,130.000000000000000
,Rijksbeschermd,,Ja,"21520",onbekend,boerderijtypen,vroegmoderne tijd,landbouw,Gebouwd erfgoed,131.000000000000000
,Rijksbeschermd,,Ja,"21522",onbekend,boerderijtypen,vroegmoderne tijd,landbouw,Gebouwd erfgoed,132.000000000000000
,Rijksbeschermd,,Ja,"21524",onbekend,boerderijtypen,,landbouw,Gebouwd erfgoed,133.000000000000000
,Rijksbeschermd,,Ja,"21525",onbekend,boerderijtypen,moderne tijd,landbouw,Gebouwd erfgoed,134.000000000000000
,Rijksbeschermd,,Ja,"22215",onbekend,boerderijtypen,moderne tijd,landbouw,Gebouwd erfgoed,135.000000000000000
,Rijksbeschermd,,Ja,"22216",onbekend,boerderijtypen,vroegmoderne tijd,landbouw,Gebouwd erfgoed,136.000000000000000
,Rijksbeschermd,,Ja,"21527",onbekend,boerderijtypen,,landbouw,Gebouwd erfgoed,142.000000000000000
,Rijksbeschermd,,Ja,"26273",onbekend,boerderijtypen,,landbouw,Gebouwd erfgoed,145.000000000000000
"driebeukig gebouw, ankerbalkgebint, stallen aan weerszijden, langgerekt gebouw, grote openslaande staldeuren",Rijksbeschermd,,Ja,"26277",hallehuisgroep (saksische type),boerderijtypen,,landbouw,Gebouwd erfgoed,146.000000000000000
,Rijksbeschermd,,Ja,"26281",onbekend,boerderijtypen,,landbouw,Gebouwd erfgoed,147.000000000000000
,Rijksbeschermd,,Ja,"26283",onbekend,boerderijtypen,,landbouw,Gebouwd erfgoed,148.000000000000000
,Rijksbeschermd,,Ja,"26286",onbekend,boerderijtypen,,landbouw,Gebouwd erfgoed,149.000000000000000
,Rijksbeschermd,,Ja,"26288",onbekend,boerderijtypen,moderne tijd,landbouw,Gebouwd erfgoed,150.000000000000000
,Rijksbeschermd,,Ja,"26297",onbekend,boerderijtypen,moderne tijd,landbouw,Gebouwd erfgoed,151.000000000000000
,Rijksbeschermd,,Ja,"28126",onbekend,boerderijtypen,,landbouw,Gebouwd erfgoed,152.000000000000000
,Rijksbeschermd,,Ja,"28127",onbekend,boerderijtypen,moderne tijd,landbouw,Gebouwd erfgoed,153.000000000000000
,Rijksbeschermd,,Ja,"28133",onbekend,boerderijtypen,moderne tijd,landbouw,Gebouwd erfgoed,154.000000000000000
,Rijksbeschermd,,Ja,"28134",onbekend,boerderijtypen,,landbouw,Gebouwd erfgoed,155.000000000000000
,Rijksbeschermd,,Ja,"28136",onbekend,boerderijtypen,,landbouw,Gebouwd erfgoed,156.000000000000000
,Rijksbeschermd,,Ja,"28143",onbekend,boerderijtypen,,landbouw,Gebouwd erfgoed,157.000000000000000
,Gemeentelijk monument,,Ja,ALM01025,onbekend,boerderijtypen,moderne tijd,landbouw,Gebouwd erfgoed,661.000000000000000
"driebeukig gebouw, ankerbalkgebint, stallen aan weerszijden, langgerekt gebouw, grote openslaande staldeuren",Gemeentelijk monument,,Ja,ALM01078,hallehuisgroep (hallehuisboerderij),boerderijtypen,moderne tijd,landbouw,Gebouwd erfgoed,662.000000000000000
"driebeukig gebouw, ankerbalkgebint, stallen aan weerszijden, langgerekt gebouw, grote openslaande staldeuren",Gemeentelijk monument,,Ja,ALM01080,hallehuisgroep (hallehuisboerderij),boerderijtypen,moderne tijd,landbouw,Gebouwd erfgoed,663.000000000000000
"driebeukig gebouw, ankerbalkgebint, stallen aan weerszijden, langgerekt gebouw, grote openslaande staldeuren",Gemeentelijk monument,,Ja,ALM01081,hallehuisgroep (hallehuisboerderij),boerderijtypen,moderne tijd,landbouw,Gebouwd erfgoed,664.000000000000000
"driebeukig gebouw, ankerbalkgebint, stallen aan weerszijden, langgerekt gebouw, grote openslaande staldeuren",Gemeentelijk monument,,Ja,ALM01090,hallehuisgroep (hallehuisboerderij),boerderijtypen,moderne tijd,landbouw,Gebouwd erfgoed,665.000000000000000
,Gemeentelijk monument,,Ja,ALM01092,onbekend,boerderijtypen,moderne tijd,landbouw,Gebouwd erfgoed,666.000000000000000
"driebeukig gebouw, ankerbalkgebint, stallen aan weerszijden, langgerekt gebouw, grote openslaande staldeuren",Gemeentelijk monument,,Ja,ALM01082,hallehuisgroep (hallehuisboerderij),boerderijtypen,moderne tijd,landbouw,Gebouwd erfgoed,667.000000000000000
"driebeukig gebouw, ankerbalkgebint, stallen aan weerszijden, langgerekt gebouw, grote openslaande staldeuren",Gemeentelijk monument,,Ja,ALM01076,hallehuisgroep (hallehuisboerderij),boerderijtypen,moderne tijd,landbouw,Gebouwd erfgoed,668.000000000000000
"driebeukig gebouw, ankerbalkgebint, stallen aan weerszijden, langgerekt gebouw, grote openslaande staldeuren",Gemeentelijk monument,,Ja,ALM01077,hallehuisgroep (hallehuisboerderij),boerderijtypen,moderne tijd,landbouw,Gebouwd erfgoed,669.000000000000000
"driebeukig gebouw, ankerbalkgebint, stallen aan weerszijden, langgerekt gebouw, grote openslaande staldeuren",Gemeentelijk monument,,Ja,ALM01093,hallehuisgroep (hallehuisboerderij),boerderijtypen,moderne tijd,landbouw,Gebouwd erfgoed,670.000000000000000
,Gemeentelijk monument,,Ja,BOR01032,onbekend,boerderijtypen,moderne tijd,landbouw,Gebouwd erfgoed,671.000000000000000
,Gemeentelijk monument,,Ja,BOR01033,onbekend,boerderijtypen,vroegmoderne tijd,landbouw,Gebouwd erfgoed,672.000000000000000
,Gemeentelijk monument,,Ja,BOR01001,onbekend,boerderijtypen,moderne tijd,landbouw,Gebouwd erfgoed,673.000000000000000
,Gemeentelijk monument,,Ja,DNK01031,onbekend,boerderijtypen,moderne tijd,landbouw,Gebouwd erfgoed,686.000000000000000
"driebeukig gebouw, ankerbalkgebint, stallen aan weerszijden, langgerekt gebouw, grote openslaande staldeuren",Gemeentelijk monument,,Ja,DNK01017,hallehuisgroep (hallehuisboerderij),boerderijtypen,moderne tijd,landbouw,Gebouwd erfgoed,687.000000000000000
,Rijksbeschermd,,Ja,"31746",onbekend,boerderijtypen,vroegmoderne tijd,landbouw,Gebouwd erfgoed,190.000000000000000
,Rijksbeschermd,,Ja,"31748",onbekend,boerderijtypen,,landbouw,Gebouwd erfgoed,191.000000000000000
,Rijksbeschermd,,Ja,"31752",onbekend,boerderijtypen,vroegmoderne tijd,landbouw,Gebouwd erfgoed,192.000000000000000
,Rijksbeschermd,,Ja,"31767",onbekend,boerderijtypen,,landbouw,Gebouwd erfgoed,193.000000000000000
,Rijksbeschermd,,Ja,"33022",onbekend,boerderijtypen,,landbouw,Gebouwd erfgoed,199.000000000000000
"driebeukig gebouw, ankerbalkgebint, stallen aan weerszijden, langgerekt gebouw, grote openslaande staldeuren",Rijksbeschermd,,Ja,"333490",hallehuisgroep (twentstype),boerderijtypen,moderne tijd,landbouw,Gebouwd erfgoed,200.000000000000000
"driebeukig gebouw, ankerbalkgebint, stallen aan weerszijden, langgerekt gebouw, grote openslaande staldeuren",Rijksbeschermd,,Ja,"34143",hallehuisgroep (saksische type),boerderijtypen,moderne tijd,landbouw,Gebouwd erfgoed,202.000000000000000
,Rijksbeschermd,,Ja,"34144",onbekend,boerderijtypen,moderne tijd,landbouw,Gebouwd erfgoed,203.000000000000000
,Rijksbeschermd,,Ja,"34148",onbekend,boerderijtypen,vroegmoderne tijd,landbouw,Gebouwd erfgoed,204.000000000000000
,Rijksbeschermd,,Ja,"34164",onbekend,boerderijtypen,vroegmoderne tijd,landbouw,Gebouwd erfgoed,205.000000000000000
,Rijksbeschermd,,Ja,"34165",onbekend,boerderijtypen,vroegmoderne tijd,landbouw,Gebouwd erfgoed,206.000000000000000
,Gemeentelijk monument,,Ja,ENS01004,onbekend,boerderijtypen,,landbouw,Gebouwd erfgoed,704.000000000000000
,Gemeentelijk monument,,Ja,ENS01027,onbekend,boerderijtypen,moderne tijd,landbouw,Gebouwd erfgoed,705.000000000000000
,Gemeentelijk monument,,Ja,ENS01029,onbekend,boerderijtypen,moderne tijd,landbouw,Gebouwd erfgoed,706.000000000000000
,Gemeentelijk monument,,Ja,ENS01047,onbekend,boerderijtypen,moderne tijd,landbouw,Gebouwd erfgoed,707.000000000000000
,Gemeentelijk monument,,Ja,ENS01005,onbekend,boerderijtypen,moderne tijd,landbouw,Gebouwd erfgoed,708.000000000000000
,Gemeentelijk monument,,Ja,ENS01006,onbekend,boerderijtypen,vroegmoderne tijd,landbouw,Gebouwd erfgoed,709.000000000000000
,Gemeentelijk monument,,Ja,ENS01014,onbekend,boerderijtypen,vroegmoderne tijd,landbouw,Gebouwd erfgoed,710.000000000000000
,Gemeentelijk monument,,Ja,ENS01015,onbekend,boerderijtypen,vroegmoderne tijd,landbouw,Gebouwd erfgoed,711.000000000000000
,Gemeentelijk monument,,Ja,ENS01023,onbekend,boerderijtypen,vroegmoderne tijd,landbouw,Gebouwd erfgoed,712.000000000000000
,Gemeentelijk monument,,Ja,ENS01085,onbekend,boerderijtypen,moderne tijd,landbouw,Gebouwd erfgoed,713.000000000000000
"driebeukig gebouw, ankerbalkgebint, stallen aan weerszijden, langgerekt gebouw, grote openslaande staldeuren",Gemeentelijk monument,,Ja,ENS01071,hallehuisgroep (hallehuisboerderij),boerderijtypen,moderne tijd,landbouw,Gebouwd erfgoed,714.000000000000000
,Gemeentelijk monument,,Ja,ENS01081,onbekend,boerderijtypen,moderne tijd,landbouw,Gebouwd erfgoed,715.000000000000000
,Gemeentelijk monument,,Ja,ENS01234,onbekend,boerderijtypen,,landbouw,Gebouwd erfgoed,716.000000000000000
"driebeukig gebouw, ankerbalkgebint, stallen aan weerszijden, langgerekt gebouw, grote openslaande staldeuren",Gemeentelijk monument,,Ja,ENS01094,hallehuisgroep (hallehuisboerderij),boerderijtypen,,landbouw,Gebouwd erfgoed,717.000000000000000
"driebeukig gebouw, ankerbalkgebint, stallen aan weerszijden, langgerekt gebouw, grote openslaande staldeuren",Gemeentelijk monument,,Ja,ENS01155,hallehuisgroep (hallehuisboerderij),boerderijtypen,moderne tijd,landbouw,Gebouwd erfgoed,718.000000000000000
"driebeukig gebouw, ankerbalkgebint, stallen aan weerszijden, langgerekt gebouw, grote openslaande staldeuren",Gemeentelijk monument,,Ja,ENS01161,hallehuisgroep (hallehuisboerderij),boerderijtypen,moderne tijd,landbouw,Gebouwd erfgoed,719.000000000000000
"driebeukig gebouw, ankerbalkgebint, stallen aan weerszijden, langgerekt gebouw, grote openslaande staldeuren",Gemeentelijk monument,,Ja,HKB01038,hallehuisgroep (hallehuisboerderij),boerderijtypen,vroegmoderne tijd,landbouw,Gebouwd erfgoed,720.000000000000000
"driebeukig gebouw, ankerbalkgebint, stallen aan weerszijden, langgerekt gebouw, grote openslaande staldeuren",Gemeentelijk monument,,Ja,HKB01039,hallehuisgroep (hallehuisboerderij),boerderijtypen,moderne tijd,landbouw,Gebouwd erfgoed,721.000000000000000
"driebeukig gebouw, ankerbalkgebint, stallen aan weerszijden, langgerekt gebouw, grote openslaande staldeuren",Gemeentelijk monument,,Ja,HKB01003,hallehuisgroep (hallehuisboerderij),boerderijtypen,moderne tijd,landbouw,Gebouwd erfgoed,722.000000000000000
"driebeukig gebouw, ankerbalkgebint, stallen aan weerszijden, langgerekt gebouw, grote openslaande staldeuren",Gemeentelijk monument,,Ja,HKB01004,hallehuisgroep (hallehuisboerderij),boerderijtypen,moderne tijd,landbouw,Gebouwd erfgoed,723.000000000000000
"driebeukig gebouw, ankerbalkgebint, stallen aan weerszijden, langgerekt gebouw, grote openslaande staldeuren",Gemeentelijk monument,,Ja,HKB01023,hallehuisgroep (hallehuisboerderij),boerderijtypen,moderne tijd,landbouw,Gebouwd erfgoed,724.000000000000000
,Gemeentelijk monument,,Ja,HKB01006,onbekend,boerderijtypen,moderne tijd,landbouw,Gebouwd erfgoed,725.000000000000000
"driebeukig gebouw, ankerbalkgebint, stallen aan weerszijden, langgerekt gebouw, grote openslaande staldeuren",Gemeentelijk monument,,Ja,HKB01035,hallehuisgroep (hallehuisboerderij),boerderijtypen,vroegmoderne tijd,landbouw,Gebouwd erfgoed,726.000000000000000
"driebeukig gebouw, ankerbalkgebint, stallen aan weerszijden, langgerekt gebouw, grote openslaande staldeuren",Gemeentelijk monument,,Ja,HKB01036,hallehuisgroep (hallehuisboerderij),boerderijtypen,vroegmoderne tijd,landbouw,Gebouwd erfgoed,727.000000000000000
"driebeukig gebouw, ankerbalkgebint, stallen aan weerszijden, langgerekt gebouw, grote openslaande staldeuren",Gemeentelijk monument,,Ja,HKB01011,hallehuisgroep (hallehuis - dwarshuistype),boerderijtypen,vroegmoderne tijd,landbouw,Gebouwd erfgoed,728.000000000000000
"driebeukig gebouw, ankerbalkgebint, stallen aan weerszijden, langgerekt gebouw, grote openslaande staldeuren",Gemeentelijk monument,,Ja,HKB01015,hallehuisgroep (hallehuisboerderij),boerderijtypen,vroegmoderne tijd,landbouw,Gebouwd erfgoed,729.000000000000000
"driebeukig gebouw, ankerbalkgebint, stallen aan weerszijden, langgerekt gebouw, grote openslaande staldeuren",Gemeentelijk monument,,Ja,HGL01068,hallehuisgroep (hallehuisboerderij),boerderijtypen,moderne tijd,landbouw,Gebouwd erfgoed,756.000000000000000
"driebeukig gebouw, ankerbalkgebint, stallen aan weerszijden, langgerekt gebouw, grote openslaande staldeuren",Gemeentelijk monument,,Ja,HGL01069,hallehuisgroep (hallehuisboerderij),boerderijtypen,,landbouw,Gebouwd erfgoed,757.000000000000000
"driebeukig gebouw, ankerbalkgebint, stallen aan weerszijden, langgerekt gebouw, grote openslaande staldeuren",Gemeentelijk monument,,Ja,HGL01047,hallehuisgroep (hallehuisboerderij),boerderijtypen,,landbouw,Gebouwd erfgoed,758.000000000000000
"driebeukig gebouw, ankerbalkgebint, stallen aan weerszijden, langgerekt gebouw, grote openslaande staldeuren",Gemeentelijk monument,,Ja,HGL01049,hallehuisgroep (hallehuisboerderij),boerderijtypen,,landbouw,Gebouwd erfgoed,759.000000000000000
"driebeukig gebouw, ankerbalkgebint, stallen aan weerszijden, langgerekt gebouw, grote openslaande staldeuren",Gemeentelijk monument,,Ja,HGL01023,hallehuisgroep (hallehuisboerderij),boerderijtypen,,landbouw,Gebouwd erfgoed,760.000000000000000
"driebeukig gebouw, ankerbalkgebint, stallen aan weerszijden, langgerekt gebouw, grote openslaande staldeuren",Gemeentelijk monument,,Ja,HGL01028,hallehuisgroep (hallehuisboerderij),boerderijtypen,,landbouw,Gebouwd erfgoed,761.000000000000000
"driebeukig gebouw, ankerbalkgebint, stallen aan weerszijden, langgerekt gebouw, grote openslaande staldeuren",Gemeentelijk monument,,Ja,HGL01022,hallehuisgroep (hallehuisboerderij),boerderijtypen,moderne tijd,landbouw,Gebouwd erfgoed,762.000000000000000
"driebeukig gebouw, ankerbalkgebint, stallen aan weerszijden, langgerekt gebouw, grote openslaande staldeuren",Gemeentelijk monument,,Ja,HGL01072,hallehuisgroep (hallehuisboerderij),boerderijtypen,,landbouw,Gebouwd erfgoed,763.000000000000000
"driebeukig gebouw, ankerbalkgebint, stallen aan weerszijden, langgerekt gebouw, grote openslaande staldeuren",Gemeentelijk monument,,Ja,HOF01060,hallehuisgroep (hallehuisboerderij),boerderijtypen,,landbouw,Gebouwd erfgoed,764.000000000000000
"driebeukig gebouw, ankerbalkgebint, stallen aan weerszijden, langgerekt gebouw, grote openslaande staldeuren",Gemeentelijk monument,,Ja,HOF01061,hallehuisgroep (krukhuisboerderij),boerderijtypen,,landbouw,Gebouwd erfgoed,765.000000000000000
"driebeukig gebouw, ankerbalkgebint, stallen aan weerszijden, langgerekt gebouw, grote openslaande staldeuren",Gemeentelijk monument,,Ja,HOF01001,hallehuisgroep (hallehuisboerderij),boerderijtypen,moderne tijd,landbouw,Gebouwd erfgoed,766.000000000000000
"driebeukig gebouw, ankerbalkgebint, stallen aan weerszijden, langgerekt gebouw, grote openslaande staldeuren",Gemeentelijk monument,,Ja,HOF01022,hallehuisgroep (hallehuisboerderij),boerderijtypen,moderne tijd,landbouw,Gebouwd erfgoed,767.000000000000000
,Gemeentelijk monument,,Ja,HOF01023,onbekend,boerderijtypen,moderne tijd,landbouw,Gebouwd erfgoed,768.000000000000000
"driebeukig gebouw, ankerbalkgebint, stallen aan weerszijden, langgerekt gebouw, grote openslaande staldeuren",Gemeentelijk monument,,Ja,HOF01043,hallehuisgroep (hallehuisboerderij),boerderijtypen,moderne tijd,landbouw,Gebouwd erfgoed,769.000000000000000
"driebeukig gebouw, ankerbalkgebint, stallen aan weerszijden, langgerekt gebouw, grote openslaande staldeuren",Gemeentelijk monument,,Ja,HOF01030,hallehuisgroep (hallehuisboerderij),boerderijtypen,,landbouw,Gebouwd erfgoed,770.000000000000000
"driebeukig gebouw, ankerbalkgebint, stallen aan weerszijden, langgerekt gebouw, grote openslaande staldeuren",Gemeentelijk monument,,Ja,HOF01031,hallehuisgroep (hallehuisboerderij),boerderijtypen,moderne tijd,landbouw,Gebouwd erfgoed,771.000000000000000
,Gemeentelijk monument,,Ja,RSN01024,onbekend,boerderijtypen,,landbouw,Gebouwd erfgoed,823.000000000000000
,Gemeentelijk monument,,Ja,RSN01008,onbekend,boerderijtypen,vroegmoderne tijd,landbouw,Gebouwd erfgoed,824.000000000000000
,Gemeentelijk monument,,Ja,RSN01011,onbekend,boerderijtypen,,landbouw,Gebouwd erfgoed,825.000000000000000
,Gemeentelijk monument,,Ja,RSN01031,onbekend,boerderijtypen,,landbouw,Gebouwd erfgoed,826.000000000000000
,Rijksbeschermd,,Ja,"363393",onbekend,boerderijtypen,vroegmoderne tijd,landbouw,Gebouwd erfgoed,486.000000000000000
,Rijksbeschermd,,Ja,"38150",onbekend,boerderijtypen,,landbouw,Gebouwd erfgoed,487.000000000000000
,Rijksbeschermd,,Ja,"34147",onbekend,boerderijtypen,vroegmoderne tijd,landbouw,Gebouwd erfgoed,393.000000000000000
,Rijksbeschermd,,Ja,"38151",onbekend,boerderijtypen,,landbouw,Gebouwd erfgoed,488.000000000000000
,Rijksbeschermd,,Ja,"35752",onbekend,boerderijtypen,,landbouw,Gebouwd erfgoed,474.000000000000000
,Rijksbeschermd,,Ja,"35754",onbekend,boerderijtypen,,landbouw,Gebouwd erfgoed,475.000000000000000
,Rijksbeschermd,,Ja,"35756",onbekend,boerderijtypen,,landbouw,Gebouwd erfgoed,476.000000000000000
,Rijksbeschermd,,Ja,"35759",onbekend,boerderijtypen,,landbouw,Gebouwd erfgoed,477.000000000000000
,Rijksbeschermd,,Ja,"38152",onbekend,boerderijtypen,,landbouw,Gebouwd erfgoed,489.000000000000000
"driebeukig gebouw, ankerbalkgebint, stallen aan weerszijden, langgerekt gebouw, grote openslaande staldeuren",Gemeentelijk monument,,Ja,TUB01009,hallehuisgroep (hallehuis - dwarshuistype),boerderijtypen,moderne tijd,landbouw,Gebouwd erfgoed,1038.000000000000000
,Rijksbeschermd,,Ja,"35760",onbekend,boerderijtypen,,landbouw,Gebouwd erfgoed,478.000000000000000
,Rijksbeschermd,,Ja,"35764",onbekend,boerderijtypen,,landbouw,Gebouwd erfgoed,479.000000000000000
,Rijksbeschermd,,Ja,"35765",onbekend,boerderijtypen,,landbouw,Gebouwd erfgoed,480.000000000000000
,Rijksbeschermd,,Ja,"35769",onbekend,boerderijtypen,,landbouw,Gebouwd erfgoed,481.000000000000000
,Rijksbeschermd,,Ja,"35772",onbekend,boerderijtypen,,landbouw,Gebouwd erfgoed,482.000000000000000
,Rijksbeschermd,,Ja,"35777",onbekend,boerderijtypen,,landbouw,Gebouwd erfgoed,483.000000000000000
,Rijksbeschermd,,Ja,"35779",onbekend,boerderijtypen,,landbouw,Gebouwd erfgoed,484.000000000000000
,Rijksbeschermd,,Ja,"35782",onbekend,boerderijtypen,,landbouw,Gebouwd erfgoed,485.000000000000000
,Rijksbeschermd,,Ja,"38153",onbekend,boerderijtypen,,landbouw,Gebouwd erfgoed,490.000000000000000
,Rijksbeschermd,,Ja,"38154",onbekend,boerderijtypen,,landbouw,Gebouwd erfgoed,491.000000000000000
,Rijksbeschermd,,Ja,"38155",onbekend,boerderijtypen,,landbouw,Gebouwd erfgoed,492.000000000000000
,Rijksbeschermd,,Ja,"38422",onbekend,boerderijtypen,,landbouw,Gebouwd erfgoed,493.000000000000000
,Rijksbeschermd,,Ja,"38425",onbekend,boerderijtypen,,landbouw,Gebouwd erfgoed,494.000000000000000
,Rijksbeschermd,,Ja,"38426",onbekend,boerderijtypen,vroegmoderne tijd,landbouw,Gebouwd erfgoed,495.000000000000000
,Rijksbeschermd,,Ja,"38428",onbekend,boerderijtypen,,landbouw,Gebouwd erfgoed,496.000000000000000
,Rijksbeschermd,,Ja,"38900",onbekend,boerderijtypen,,landbouw,Gebouwd erfgoed,497.000000000000000
,Rijksbeschermd,,Ja,"38903",onbekend,boerderijtypen,,landbouw,Gebouwd erfgoed,498.000000000000000
,Rijksbeschermd,,Ja,"38905",onbekend,boerderijtypen,,landbouw,Gebouwd erfgoed,499.000000000000000
,Rijksbeschermd,,Ja,"38906",onbekend,boerderijtypen,moderne tijd,landbouw,Gebouwd erfgoed,500.000000000000000
,Rijksbeschermd,,Ja,"38907",onbekend,boerderijtypen,vroegmoderne tijd,landbouw,Gebouwd erfgoed,501.000000000000000
,Rijksbeschermd,,Ja,"38908",onbekend,boerderijtypen,,landbouw,Gebouwd erfgoed,502.000000000000000
"driebeukig gebouw, ankerbalkgebint, stallen aan weerszijden, langgerekt gebouw, grote openslaande staldeuren",Rijksbeschermd,,Ja,"46611",hallehuisgroep (twentstype),boerderijtypen,vroegmoderne tijd,landbouw,Gebouwd erfgoed,518.000000000000000
"driebeukig gebouw, ankerbalkgebint, stallen aan weerszijden, langgerekt gebouw, grote openslaande staldeuren",Rijksbeschermd,,Ja,"46612",hallehuisgroep (twentstype),boerderijtypen,vroegmoderne tijd,landbouw,Gebouwd erfgoed,519.000000000000000
"driebeukig gebouw, ankerbalkgebint, stallen aan weerszijden, langgerekt gebouw, grote openslaande staldeuren",Rijksbeschermd,,Ja,"46769",hallehuisgroep (hallehuis- middenlangsdeeltype),boerderijtypen,moderne tijd,landbouw,Gebouwd erfgoed,520.000000000000000
"driebeukig gebouw, ankerbalkgebint, stallen aan weerszijden, langgerekt gebouw, grote openslaande staldeuren",Gemeentelijk monument,,Ja,TUB01019,hallehuisgroep (hallehuisboerderij),boerderijtypen,moderne tijd,landbouw,Gebouwd erfgoed,1039.000000000000000
"driebeukig gebouw, ankerbalkgebint, stallen aan weerszijden, langgerekt gebouw, grote openslaande staldeuren",Gemeentelijk monument,,Ja,TUB01020,hallehuisgroep (hallehuis - dwarshuistype),boerderijtypen,,landbouw,Gebouwd erfgoed,1040.000000000000000
"driebeukig gebouw, ankerbalkgebint, stallen aan weerszijden, langgerekt gebouw, grote openslaande staldeuren",Gemeentelijk monument,,Ja,TUB01021,hallehuisgroep (hallehuisboerderij),boerderijtypen,volle en late middeleeuwen,landbouw,Gebouwd erfgoed,1041.000000000000000
"driebeukig gebouw, ankerbalkgebint, stallen aan weerszijden, langgerekt gebouw, grote openslaande staldeuren",Gemeentelijk monument,,Ja,TUB01010,hallehuisgroep (hallehuisboerderij),boerderijtypen,moderne tijd,landbouw,Gebouwd erfgoed,1042.000000000000000
"driebeukig gebouw, ankerbalkgebint, stallen aan weerszijden, langgerekt gebouw, grote openslaande staldeuren",Gemeentelijk monument,,Ja,TUB01011,hallehuisgroep (hallehuisboerderij),boerderijtypen,moderne tijd,landbouw,Gebouwd erfgoed,1043.000000000000000
"driebeukig gebouw, ankerbalkgebint, stallen aan weerszijden, langgerekt gebouw, grote openslaande staldeuren",Gemeentelijk monument,,Ja,TUB01012,hallehuisgroep (hallehuisboerderij),boerderijtypen,moderne tijd,landbouw,Gebouwd erfgoed,1044.000000000000000
"driebeukig gebouw, ankerbalkgebint, stallen aan weerszijden, langgerekt gebouw, grote openslaande staldeuren",Gemeentelijk monument,,Ja,TUB01013,hallehuisgroep (hallehuis - dwarshuistype),boerderijtypen,moderne tijd,landbouw,Gebouwd erfgoed,1045.000000000000000
"koeien met kop naar muur, dekbalkgebint",Gemeentelijk monument,,Ja,TUB01014,noordelijke huisgroep (kop-romptype),boerderijtypen,moderne tijd,landbouw,Gebouwd erfgoed,1046.000000000000000
,Gemeentelijk monument,,Ja,VZV01003,onbekend,boerderijtypen,moderne tijd,landbouw,Gebouwd erfgoed,1047.000000000000000
"driebeukig gebouw, ankerbalkgebint, stallen aan weerszijden, langgerekt gebouw, grote openslaande staldeuren",Gemeentelijk monument,,Ja,VZV01004,hallehuisgroep (hallehuisboerderij),boerderijtypen,moderne tijd,landbouw,Gebouwd erfgoed,1048.000000000000000
,Gemeentelijk monument,,Ja,VZV01005,onbekend,boerderijtypen,moderne tijd,landbouw,Gebouwd erfgoed,1049.000000000000000
,Gemeentelijk monument,,Ja,VZV01006,onbekend,boerderijtypen,moderne tijd,landbouw,Gebouwd erfgoed,1050.000000000000000
,Gemeentelijk monument,,Ja,VZV01018,onbekend,boerderijtypen,moderne tijd,landbouw,Gebouwd erfgoed,1051.000000000000000
"driebeukig gebouw, ankerbalkgebint, stallen aan weerszijden, langgerekt gebouw, grote openslaande staldeuren",Gemeentelijk monument,,Ja,VZV01019,hallehuisgroep (hallehuisboerderij),boerderijtypen,moderne tijd,landbouw,Gebouwd erfgoed,1052.000000000000000
"driebeukig gebouw, ankerbalkgebint, stallen aan weerszijden, langgerekt gebouw, grote openslaande staldeuren",Gemeentelijk monument,,Ja,VZV01020,hallehuisgroep (hallehuisboerderij),boerderijtypen,moderne tijd,landbouw,Gebouwd erfgoed,1053.000000000000000
"driebeukig gebouw, ankerbalkgebint, stallen aan weerszijden, langgerekt gebouw, grote openslaande staldeuren",Gemeentelijk monument,,Ja,VZV01024,hallehuisgroep (hallehuisboerderij),boerderijtypen,moderne tijd,landbouw,Gebouwd erfgoed,1054.000000000000000
"driebeukig gebouw, ankerbalkgebint, stallen aan weerszijden, langgerekt gebouw, grote openslaande staldeuren",Gemeentelijk monument,,Ja,WDN01023,hallehuisgroep (hallehuis - dwarshuistype),boerderijtypen,moderne tijd,landbouw,Gebouwd erfgoed,1055.000000000000000
"driebeukig gebouw, ankerbalkgebint, stallen aan weerszijden, langgerekt gebouw, grote openslaande staldeuren",Gemeentelijk monument,,Ja,WDN01024,hallehuisgroep (hallehuisboerderij),boerderijtypen,,landbouw,Gebouwd erfgoed,1056.000000000000000
,Gemeentelijk monument,,Ja,WDN01019,onbekend,boerderijtypen,,landbouw,Gebouwd erfgoed,1057.000000000000000
"driebeukig gebouw, ankerbalkgebint, stallen aan weerszijden, langgerekt gebouw, grote openslaande staldeuren",Gemeentelijk monument,,Ja,WDN01020,hallehuisgroep (hallehuisboerderij),boerderijtypen,,landbouw,Gebouwd erfgoed,1058.000000000000000
"driebeukig gebouw, ankerbalkgebint, stallen aan weerszijden, langgerekt gebouw, grote openslaande staldeuren",Gemeentelijk monument,,Ja,WDN01014,hallehuisgroep (hallehuisboerderij),boerderijtypen,,landbouw,Gebouwd erfgoed,1059.000000000000000
"driebeukig gebouw, ankerbalkgebint, stallen aan weerszijden, langgerekt gebouw, grote openslaande staldeuren",Gemeentelijk monument,,Ja,WDN01015,hallehuisgroep (hallehuisboerderij),boerderijtypen,,landbouw,Gebouwd erfgoed,1060.000000000000000
"driebeukig gebouw, ankerbalkgebint, stallen aan weerszijden, langgerekt gebouw, grote openslaande staldeuren",Gemeentelijk monument,,Ja,WDN01016,hallehuisgroep (hallehuisboerderij),boerderijtypen,,landbouw,Gebouwd erfgoed,1061.000000000000000
"driebeukig gebouw, ankerbalkgebint, stallen aan weerszijden, langgerekt gebouw, grote openslaande staldeuren",Gemeentelijk monument,,Ja,WDN01018,hallehuisgroep (hallehuis - dwarshuistype),boerderijtypen,,landbouw,Gebouwd erfgoed,1062.000000000000000
"driebeukig gebouw, ankerbalkgebint, stallen aan weerszijden, langgerekt gebouw, grote openslaande staldeuren",Rijksbeschermd,,Ja,"46926",hallehuisgroep (twentstype),boerderijtypen,moderne tijd,landbouw,Gebouwd erfgoed,528.000000000000000
,Rijksbeschermd,,Ja,"47011",onbekend,boerderijtypen,moderne tijd,landbouw,Gebouwd erfgoed,529.000000000000000
"driebeukig gebouw, ankerbalkgebint, stallen aan weerszijden, langgerekt gebouw, grote openslaande staldeuren",Rijksbeschermd,,Ja,"47013",hallehuisgroep (hallehuis- middenlangsdeeltype),boerderijtypen,moderne tijd,landbouw,Gebouwd erfgoed,530.000000000000000
,Rijksbeschermd,,Ja,"480693",onbekend,boerderijtypen,moderne tijd,landbouw,Gebouwd erfgoed,533.000000000000000
,Rijksbeschermd,,Ja,"507476",onbekend,boerderijtypen,moderne tijd,landbouw,Gebouwd erfgoed,536.000000000000000
"koeien met kop naar muur, dekbalkgebint",Rijksbeschermd,,Ja,"507480",noordelijke huisgroep (kop-hals-romptype),boerderijtypen,moderne tijd,landbouw,Gebouwd erfgoed,537.000000000000000
"driebeukig gebouw, ankerbalkgebint, stallen aan weerszijden, langgerekt gebouw, grote openslaande staldeuren",Rijksbeschermd,,Ja,"507489",hallehuisgroep (hallehuisboerderij),boerderijtypen,moderne tijd,landbouw,Gebouwd erfgoed,538.000000000000000
"driebeukig gebouw, ankerbalkgebint, stallen aan weerszijden, langgerekt gebouw, grote openslaande staldeuren",Rijksbeschermd,,Ja,"507502",hallehuisgroep (krukhuisboerderij),boerderijtypen,moderne tijd,landbouw,Gebouwd erfgoed,539.000000000000000
"driebeukig gebouw, ankerbalkgebint, stallen aan weerszijden, langgerekt gebouw, grote openslaande staldeuren",Rijksbeschermd,,Ja,"507506",hallehuisgroep (hallehuis - dwarshuistype),boerderijtypen,moderne tijd,landbouw,Gebouwd erfgoed,540.000000000000000
"driebeukig gebouw, ankerbalkgebint, stallen aan weerszijden, langgerekt gebouw, grote openslaande staldeuren",Rijksbeschermd,,Ja,"507619",hallehuisgroep (hallehuisboerderij),boerderijtypen,moderne tijd,landbouw,Gebouwd erfgoed,541.000000000000000
,Rijksbeschermd,,Ja,"507623",onbekend,boerderijtypen,moderne tijd,landbouw,Gebouwd erfgoed,542.000000000000000
"koeien met kop naar muur, dekbalkgebint",Rijksbeschermd,,Ja,"507706",noordelijke huisgroep (kop-romptype),boerderijtypen,moderne tijd,landbouw,Gebouwd erfgoed,543.000000000000000
"driebeukig gebouw, ankerbalkgebint, stallen aan weerszijden, langgerekt gebouw, grote openslaande staldeuren",Rijksbeschermd,,Ja,"507711",hallehuisgroep (hallehuisboerderij),boerderijtypen,moderne tijd,landbouw,Gebouwd erfgoed,544.000000000000000
"driebeukig gebouw, ankerbalkgebint, stallen aan weerszijden, langgerekt gebouw, grote openslaande staldeuren",Rijksbeschermd,,Ja,"507716",hallehuisgroep (hallehuisboerderij),boerderijtypen,moderne tijd,landbouw,Gebouwd erfgoed,545.000000000000000
"driebeukig gebouw, ankerbalkgebint, stallen aan weerszijden, langgerekt gebouw, grote openslaande staldeuren",Rijksbeschermd,,Ja,"507739",hallehuisgroep (hallehuisboerderij),boerderijtypen,moderne tijd,landbouw,Gebouwd erfgoed,546.000000000000000
"koeien met kop naar muur, dekbalkgebint",Rijksbeschermd,,Ja,"507743",noordelijke huisgroep (kop-romptype),boerderijtypen,moderne tijd,landbouw,Gebouwd erfgoed,547.000000000000000
"driebeukig gebouw, ankerbalkgebint, stallen aan weerszijden, langgerekt gebouw, grote openslaande staldeuren",Rijksbeschermd,,Ja,"507786",hallehuisgroep (t-huisboerderij),boerderijtypen,moderne tijd,landbouw,Gebouwd erfgoed,548.000000000000000
"driebeukig gebouw, ankerbalkgebint, stallen aan weerszijden, langgerekt gebouw, grote openslaande staldeuren",Rijksbeschermd,,Ja,"507790",hallehuisgroep (hallehuisboerderij),boerderijtypen,moderne tijd,landbouw,Gebouwd erfgoed,549.000000000000000
"driebeukig gebouw, ankerbalkgebint, stallen aan weerszijden, langgerekt gebouw, grote openslaande staldeuren",Rijksbeschermd,,Ja,"507796",hallehuisgroep (hallehuisboerderij),boerderijtypen,moderne tijd,landbouw,Gebouwd erfgoed,550.000000000000000
"driebeukig gebouw, ankerbalkgebint, stallen aan weerszijden, langgerekt gebouw, grote openslaande staldeuren",Rijksbeschermd,,Ja,"507799",hallehuisgroep (hallehuisboerderij),boerderijtypen,moderne tijd,landbouw,Gebouwd erfgoed,551.000000000000000
"driebeukig gebouw, ankerbalkgebint, stallen aan weerszijden, langgerekt gebouw, grote openslaande staldeuren",Rijksbeschermd,,Ja,"507802",hallehuisgroep (hallehuis - dwarshuistype),boerderijtypen,moderne tijd,landbouw,Gebouwd erfgoed,552.000000000000000
"driebeukig gebouw, ankerbalkgebint, stallen aan weerszijden, langgerekt gebouw, grote openslaande staldeuren",Rijksbeschermd,,Ja,"507805",hallehuisgroep (hallehuisboerderij),boerderijtypen,moderne tijd,landbouw,Gebouwd erfgoed,553.000000000000000
"driebeukig gebouw, ankerbalkgebint, stallen aan weerszijden, langgerekt gebouw, grote openslaande staldeuren",Rijksbeschermd,,Ja,"507807",hallehuisgroep (hallehuisboerderij),boerderijtypen,moderne tijd,landbouw,Gebouwd erfgoed,554.000000000000000
"driebeukig gebouw, ankerbalkgebint, stallen aan weerszijden, langgerekt gebouw, grote openslaande staldeuren",Rijksbeschermd,,Ja,"507809",hallehuisgroep (hallehuisboerderij),boerderijtypen,moderne tijd,landbouw,Gebouwd erfgoed,555.000000000000000
"driebeukig gebouw, ankerbalkgebint, stallen aan weerszijden, langgerekt gebouw, grote openslaande staldeuren",Rijksbeschermd,,Ja,"507913",hallehuisgroep (hallehuis - dwarshuistype),boerderijtypen,moderne tijd,landbouw,Gebouwd erfgoed,556.000000000000000
